Comment-ID,Word-ID,Match-Type,Error,Original,Gold,Hunspell,Word,lev_hg,lev_wg,lev_hw,lev_og
0,0,0,0,0,0,0,0,0,0,0,0
1,0,0,0,Bitte,Bitte,Bitte,Bitte,0,0,0,0
1,1,0,0,um,um,um,um,0,0,0,0
1,2,0,0,eine,eine,eine,eine,0,0,0,0
1,3,0,0,E-Mail,E-Mail,E-Mail,E-Mail,0,0,0,0
1,4,0,0,an,an,an,an,0,0,0,0
1,5,2,0,foren@derstandard,foren@derstandard,Referendarsforen,foren@derstandard,12,0,12,0
1,6,4,0,at,at,AT,atz,2,1,2,0
1,7,0,0,http,http,http,http,0,0,0,0
1,8,4,0,//derstandard,//derstandard,Rassestandard,der Standard,5,4,5,0
1,9,4,0,at/2929103/Frequently-Asked-Questions-zum-Forum,at/2929103/Frequently-Asked-Questions-zum-Forum,ultrahochfrequent-Asked-Questions-zum-Forum,atz,14,44,14,0
1,10,0,0,id=2929103&_artikelIndex=15,id=2929103&_artikelIndex=15,id=2929103&_artikelIndex=15,id=2929103&_artikelIndex=15,0,0,0,0
1,11,3,0,ps,ps,PS,PS,2,2,2,0
1,12,0,0,warum,warum,warum,warum,0,0,0,0
2,0,0,0,Meine,Meine,Meine,Meine,0,0,0,0
2,1,0,0,Posting,Posting,Posting,Posting,0,0,0,0
2,2,0,0,werden,werden,werden,werden,0,0,0,0
2,3,0,0,nicht,nicht,nicht,nicht,0,0,0,0
2,4,0,0,veröffentlicht,veröffentlicht,veröffentlicht,veröffentlicht,0,0,0,0
2,5,0,0,was,was,was,was,0,0,0,0
2,6,0,0,kann,kann,kann,kann,0,0,0,0
2,7,0,0,da,da,da,da,0,0,0,0
2,8,0,0,tun,tun,tun,tun,0,0,0,0
3,0,0,0,Wenn,Wenn,Wenn,Wenn,0,0,0,0
3,1,0,0,ich,ich,ich,ich,0,0,0,0
3,2,0,0,mir,mir,mir,mir,0,0,0,0
3,3,0,0,hier,hier,hier,hier,0,0,0,0
3,4,0,0,einige,einige,einige,einige,0,0,0,0
3,5,0,0,Kommentare,Kommentare,Kommentare,Kommentare,0,0,0,0
3,6,0,0,lese,lese,lese,lese,0,0,0,0
3,7,0,0,muss,muss,muss,muss,0,0,0,0
3,9,0,0,zu,zu,zu,zu,0,0,0,0
3,10,0,0,Recht,Recht,Recht,Recht,0,0,0,0
3,11,0,0,schreiben,schreiben,schreiben,schreiben,0,0,0,0
3,12,0,0,das,das,das,das,0,0,0,0
3,13,0,0,manche,manche,manche,manche,0,0,0,0
3,14,0,0,keine,keine,keine,keine,0,0,0,0
3,15,0,0,Ahnung,Ahnung,Ahnung,Ahnung,0,0,0,0
3,16,0,0,von,von,von,von,0,0,0,0
3,17,1,1,garnichts,gar nichts,gar nichts,Garnichts,0,2,0,1
3,18,0,0,haben,haben,haben,haben,0,0,0,0
3,19,0,0,Was,Was,Was,Was,0,0,0,0
3,20,0,0,spielt,spielt,spielt,spielt,0,0,0,0
3,23,0,0,Rolle,Rolle,Rolle,Rolle,0,0,0,0
3,24,0,0,ob,ob,ob,ob,0,0,0,0
3,25,2,0,Hikmet,Hikmet,Metaethik,Hikmet,7,0,7,0
3,26,0,0,sich,sich,sich,sich,0,0,0,0
3,27,0,0,wie,wie,wie,wie,0,0,0,0
3,28,0,0,ein,ein,ein,ein,0,0,0,0
3,29,0,0,Männer,Männer,Männer,Männer,0,0,0,0
3,30,0,0,oder,oder,oder,oder,0,0,0,0
3,31,0,0,Frauenname,Frauenname,Frauenname,Frauenname,0,0,0,0
3,32,0,0,anhört,anhört,anhört,anhört,0,0,0,0
3,34,0,0,hat,hat,hat,hat,0,0,0,0
3,36,0,0,überhaupt,überhaupt,überhaupt,überhaupt,0,0,0,0
3,37,0,0,mit,mit,mit,mit,0,0,0,0
3,38,0,0,der,der,der,der,0,0,0,0
3,39,0,0,internen,internen,internen,internen,0,0,0,0
3,40,0,0,Wahl,Wahl,Wahl,Wahl,0,0,0,0
3,43,0,0,Das,Das,Das,Das,0,0,0,0
3,45,0,0,Politiker,Politiker,Politiker,Politiker,0,0,0,0
3,46,0,0,die,die,die,die,0,0,0,0
3,47,0,0,Chance,Chance,Chance,Chance,0,0,0,0
3,48,0,0,erhält,erhält,erhält,erhält,0,0,0,0
3,50,0,0,so,so,so,so,0,0,0,0
3,51,0,0,jungen,jungen,jungen,jungen,0,0,0,0
3,52,0,0,Jahren,Jahren,Jahren,Jahren,0,0,0,0
3,53,0,0,etwas,etwas,etwas,etwas,0,0,0,0
3,55,0,0,verändern,verändern,verändern,verändern,0,0,0,0
3,56,0,0,finde,finde,finde,finde,0,0,0,0
3,58,0,0,total,total,total,total,0,0,0,0
3,59,0,0,okay,okay,okay,okay,0,0,0,0
3,60,0,0,Ihr,Ihr,Ihr,Ihr,0,0,0,0
3,61,0,0,kennt,kennt,kennt,kennt,0,0,0,0
3,62,0,0,ihm,ihm,ihm,ihm,0,0,0,0
3,63,0,0,ja,ja,ja,ja,0,0,0,0
3,65,0,0,einmal,einmal,einmal,einmal,0,0,0,0
3,66,0,0,persönlich,persönlich,persönlich,persönlich,0,0,0,0
3,67,0,0,also,also,also,also,0,0,0,0
3,69,0,0,sollen,sollen,sollen,sollen,0,0,0,0
3,70,0,0,diese,diese,diese,diese,0,0,0,0
3,71,0,0,sinnlosen,sinnlosen,sinnlosen,sinnlosen,0,0,0,0
3,73,0,0,und,und,und,und,0,0,0,0
3,74,0,0,Vorurteile,Vorurteile,Vorurteile,Vorurteile,0,0,0,0
3,75,0,0,Habt,Habt,Habt,Habt,0,0,0,0
3,76,0,0,ihr,ihr,ihr,ihr,0,0,0,0
3,77,0,0,euch,euch,euch,euch,0,0,0,0
3,78,0,0,mal,mal,mal,mal,0,0,0,0
3,81,0,0,zusammen,zusammen,zusammen,zusammen,0,0,0,0
3,82,0,0,gesetzt,gesetzt,gesetzt,gesetzt,0,0,0,0
3,84,0,0,über,über,über,über,0,0,0,0
3,85,0,0,seine,seine,seine,seine,0,0,0,0
3,86,0,0,Ideen,Ideen,Ideen,Ideen,0,0,0,0
3,87,0,0,Vorschläge,Vorschläge,Vorschläge,Vorschläge,0,0,0,0
3,89,0,0,seinen,seinen,seinen,seinen,0,0,0,0
3,90,0,0,Charakter,Charakter,Charakter,Charakter,0,0,0,0
3,91,0,0,unterhalten,unterhalten,unterhalten,unterhalten,0,0,0,0
3,92,0,0,Er,Er,Er,Er,0,0,0,0
3,95,1,0,Salafisten,Salafisten,Salafisten,Satanisten,0,2,0,0
3,97,0,0,Pro-Erdogan,Pro-Erdogan,Pro-Erdogan,Pro-Erdogan,0,0,0,0
3,98,0,0,Leuten,Leuten,Leuten,Leuten,0,0,0,0
3,99,0,0,nichts,nichts,nichts,nichts,0,0,0,0
3,103,0,0,wisst,wisst,wisst,wisst,0,0,0,0
3,104,0,0,gar,gar,gar,gar,0,0,0,0
3,109,0,0,schon,schon,schon,schon,0,0,0,0
3,110,0,0,schreibt,schreibt,schreibt,schreibt,0,0,0,0
3,112,0,0,abweichende,abweichende,abweichende,abweichende,0,0,0,0
3,113,0,0,Dinge,Dinge,Dinge,Dinge,0,0,0,0
3,115,0,0,denen,denen,denen,denen,0,0,0,0
3,116,0,0,es,es,es,es,0,0,0,0
3,118,0,0,Wahrhaftigkeit,Wahrhaftigkeit,Wahrhaftigkeit,Wahrhaftigkeit,0,0,0,0
3,120,0,0,vorne,vorne,vorne,vorne,0,0,0,0
3,121,0,0,bis,bis,bis,bis,0,0,0,0
3,122,0,0,hinten,hinten,hinten,hinten,0,0,0,0
3,123,0,0,mangelt,mangelt,mangelt,mangelt,0,0,0,0
4,0,0,0,Liebe,Liebe,Liebe,Liebe,0,0,0,0
4,1,2,0,Community,Community,Kommunität,Community,3,0,3,0
4,2,0,0,bei,bei,bei,bei,0,0,0,0
4,5,0,0,11,11,11,11,0,0,0,0
4,6,4,1,follower,Follower,Flowerpower,follower,5,1,5,1
4,7,0,0,angezeigt,angezeigt,angezeigt,angezeigt,0,0,0,0
4,10,0,0,in,in,in,in,0,0,0,0
4,11,0,0,meinem,meinem,meinem,meinem,0,0,0,0
4,12,0,0,Profil,Profil,Profil,Profil,0,0,0,0
4,13,0,0,aber,aber,aber,aber,0,0,0,0
4,14,0,0,nur,nur,nur,nur,0,0,0,0
4,15,0,0,10,10,10,10,0,0,0,0
4,16,0,0,sehen,sehen,sehen,sehen,0,0,0,0
4,17,4,1,Gibts,Gibt es,Gifts,Gibst,3,4,3,2
4,20,0,0,Erklärung,Erklärung,Erklärung,Erklärung,0,0,0,0
5,0,0,0,Stimmt,Stimmt,Stimmt,Stimmt,0,0,0,0
5,1,0,0,Manche,Manche,Manche,Manche,0,0,0,0
5,2,0,0,Leute,Leute,Leute,Leute,0,0,0,0
5,3,0,0,sind,sind,sind,sind,0,0,0,0
5,5,0,0,ahnungslos,ahnungslos,ahnungslos,ahnungslos,0,0,0,0
5,6,0,0,dass,dass,dass,dass,0,0,0,0
5,7,0,0,sie,sie,sie,sie,0,0,0,0
5,10,0,0,falschen,falschen,falschen,falschen,0,0,0,0
5,11,0,0,Rubrik,Rubrik,Rubrik,Rubrik,0,0,0,0
5,12,2,0,posten,posten,Posten,posten,1,0,1,0
6,0,0,0,Ja,Ja,Ja,Ja,0,0,0,0
6,2,0,0,simpler,simpler,simpler,simpler,0,0,0,0
6,3,0,0,Bug,Bug,Bug,Bug,0,0,0,0
6,4,0,0,den,den,den,den,0,0,0,0
6,5,0,0,wir,wir,wir,wir,0,0,0,0
6,6,0,0,bald,bald,bald,bald,0,0,0,0
6,7,0,0,beheben,beheben,beheben,beheben,0,0,0,0
7,0,0,0,Danke,Danke,Danke,Danke,0,0,0,0
7,1,0,0,für,für,für,für,0,0,0,0
7,3,0,0,Antwort,Antwort,Antwort,Antwort,0,0,0,0
7,5,0,0,seid,seid,seid,seid,0,0,0,0
7,6,0,0,super,super,super,super,0,0,0,0
7,7,0,0,-,-,-,-,0,0,0,0
8,1,3,1,soviele,so viele,soviel,soviel,2,2,2,1
8,2,3,1,expertis,Experten,Expertise,Expertise,3,3,3,3
8,5,0,0,möchte,möchte,möchte,möchte,0,0,0,0
8,7,0,0,auch,auch,auch,auch,0,0,0,0
8,8,0,0,noch,noch,noch,noch,0,0,0,0
8,9,0,0,meinen,meinen,meinen,meinen,0,0,0,0
8,10,0,1,herzenswunsch,Herzenswunsch,Herzenswunsch,Herzenswunsch,0,0,0,1
8,11,0,0,loswerden,loswerden,loswerden,loswerden,0,0,0,0
8,12,0,0,wer,wer,wer,wer,0,0,0,0
8,14,0,0,damals,damals,damals,damals,0,0,0,0
8,16,4,1,teris-nachfolger,Tetris-Nachfolger,terig-nachfolger,Ternis,4,13,4,3
8,17,4,0,Weltris,Weltris,Weltriss,Weltrats,1,2,1,0
8,18,0,0,gespielt,gespielt,gespielt,gespielt,0,0,0,0
8,22,3,1,spiel,Spiel,spiel,spiel,1,1,1,1
8,23,0,0,einmalig,einmalig,einmalig,einmalig,0,0,0,0
8,24,0,0,weil,weil,weil,weil,0,0,0,0
8,25,0,0,man,man,man,man,0,0,0,0
8,26,0,0,vor,vor,vor,vor,0,0,0,0
8,27,0,0,allem,allem,allem,allem,0,0,0,0
8,28,0,0,keinen,keinen,keinen,keinen,0,0,0,0
8,29,0,0,faden,faden,faden,faden,0,0,0,0
8,30,4,1,gegner/verlierer/gewinner,Gegner/Verlierer/Gewinner,Gewinnerzielungsgründen,Gegner,17,19,17,3
8,31,0,0,braucht,braucht,braucht,braucht,0,0,0,0
8,33,4,1,reaktionsfähigeit,Reaktionsfähigeit,reaktionsfähig,Reaktionsfähigkeit,4,1,4,1
8,34,0,0,gefragt,gefragt,gefragt,gefragt,0,0,0,0
8,35,0,0,ist,ist,ist,ist,0,0,0,0
8,36,0,0,leider,leider,leider,leider,0,0,0,0
8,37,0,0,habe,habe,habe,habe,0,0,0,0
8,40,0,0,viele,viele,viele,viele,0,0,0,0
8,41,3,1,male,Male,male,male,1,1,1,1
8,42,0,0,alles,alles,alles,alles,0,0,0,0
8,43,0,0,im,im,im,im,0,0,0,0
8,44,4,1,netzt,Netz,nett,netzt,2,2,2,2
8,45,0,0,durchsucht,durchsucht,durchsucht,durchsucht,0,0,0,0
8,47,0,0,ohne,ohne,ohne,ohne,0,0,0,0
8,48,0,1,erfolg,Erfolg,Erfolg,Erfolg,0,0,0,1
8,49,0,0,würde,würde,würde,würde,0,0,0,0
8,50,0,0,mich,mich,mich,mich,0,0,0,0
8,52,0,0,einen,einen,einen,einen,0,0,0,0
8,53,1,1,link,Link,Link,link,0,1,0,1
8,55,0,0,sonstigen,sonstigen,sonstigen,sonstigen,0,0,0,0
8,56,3,1,hinweisen,Hinweisen,hinweisen,hinweisen,1,1,1,1
8,57,0,0,sehr,sehr,sehr,sehr,0,0,0,0
8,58,0,0,freuen,freuen,freuen,freuen,0,0,0,0
8,59,0,0,danke,danke,danke,danke,0,0,0,0
8,60,0,0,zum,zum,zum,zum,0,0,0,0
8,61,1,1,mac,Mac,Mac,mac,0,1,0,1
8,62,0,0,mein,mein,mein,mein,0,0,0,0
8,63,4,1,e-mac,E-Mac,e-Mac,e-mac,1,2,1,2
8,64,0,0,hatte,hatte,hatte,hatte,0,0,0,0
8,66,0,0,512k,512k,512k,512k,0,0,0,0
8,67,0,0,war,war,war,war,0,0,0,0
8,69,0,0,1986,1986,1986,1986,0,0,0,0
8,71,0,0,1987,1987,1987,1987,0,0,0,0
8,73,0,0,Word,Word,Word,Word,0,0,0,0
8,74,0,0,1,1,1,1,0,0,0,0
8,76,0,0,dem,dem,dem,dem,0,0,0,0
8,77,0,0,schweren,schweren,schweren,schweren,0,0,0,0
8,78,0,1,nadeldrucker,Nadeldrucker,Nadeldrucker,Nadeldrucker,0,0,0,1
8,79,0,0,II,II,II,II,0,0,0,0
8,82,0,0,10MB,10MB,10MB,10MB,0,0,0,0
8,83,0,0,HD,HD,HD,HD,0,0,0,0
8,85,2,0,paradise,paradise,Paradies,paradise,3,0,3,0
8,86,0,0,schlappe,schlappe,schlappe,schlappe,0,0,0,0
8,87,0,0,9000,9000,9000,9000,0,0,0,0
8,88,1,1,deutschmark,Deutschmark,Deutschmark,deutschmark,0,1,0,1
8,89,0,0,gekostet,gekostet,gekostet,gekostet,0,0,0,0
8,91,0,0,steht,steht,steht,steht,0,0,0,0
8,92,0,0,immer,immer,immer,immer,0,0,0,0
8,94,0,0,betriebsbereit,betriebsbereit,betriebsbereit,betriebsbereit,0,0,0,0
8,102,4,0,hopps,hopps,Mopps,Hopps,1,1,1,0
8,103,0,0,gegangen,gegangen,gegangen,gegangen,0,0,0,0
8,104,0,0,jetzt,jetzt,jetzt,jetzt,0,0,0,0
8,105,4,1,hab',habe,hab,hab',1,1,1,1
8,110,0,1,gehäuse,Gehäuse,Gehäuse,Gehäuse,0,0,0,1
8,114,0,0,nie,nie,nie,nie,0,0,0,0
8,115,0,0,bereut,bereut,bereut,bereut,0,0,0,0
9,0,0,0,Vielleicht,Vielleicht,Vielleicht,Vielleicht,0,0,0,0
9,1,0,0,bin,bin,bin,bin,0,0,0,0
9,4,0,0,doof,doof,doof,doof,0,0,0,0
9,7,4,1,derStandi-Regi,der Standi-Regi,Widerstand-Regi,derStandi-Regi,5,1,5,1
9,8,0,0,kommt,kommt,kommt,kommt,0,0,0,0
9,14,4,1,dieStandi,die Standi,Stadien,dastand,7,5,7,1
9,16,0,0,irre,irre,irre,irre,0,0,0,0
9,18,0,0,Ist,Ist,Ist,Ist,0,0,0,0
9,20,0,0,Absicht,Absicht,Absicht,Absicht,0,0,0,0
10,3,0,0,überarbeitet,überarbeitet,überarbeitet,überarbeitet,0,0,0,0
10,4,0,0,Ich,Ich,Ich,Ich,0,0,0,0
10,6,0,0,wieder,wieder,wieder,wieder,0,0,0,0
10,8,0,0,berühmt,berühmt,berühmt,berühmt,0,0,0,0
10,11,0,0,früher,früher,früher,früher,0,0,0,0
10,16,0,0,sagenhaft,sagenhaft,sagenhaft,sagenhaft,0,0,0,0
10,18,0,0,perverse,perverse,perverse,perverse,0,0,0,0
10,19,0,0,Kontakte,Kontakte,Kontakte,Kontakte,0,0,0,0
10,20,0,0,verschafft,verschafft,verschafft,verschafft,0,0,0,0
11,2,0,0,bestätigen,bestätigen,bestätigen,bestätigen,0,0,0,0
11,5,4,1,funktioniert's,funktioniert es,Funktionierens,funktioniertes,4,1,4,2
11,8,0,0,weder,weder,weder,weder,0,0,0,0
11,10,2,0,IE,IE,SIE,IE,1,0,1,0
11,13,0,1,firefox,Firefox,Firefox,Firefox,0,0,0,1
12,0,0,0,Gibt,Gibt,Gibt,Gibt,0,0,0,0
12,3,2,0,Meldeadresse/-stelle,Meldeadresse/-stelle,Meldeadresse-stelle,Meldeadresse/-stelle,1,0,1,0
12,8,0,0,wenden,wenden,wenden,wenden,0,0,0,0
12,10,0,0,wenn,wenn,wenn,wenn,0,0,0,0
12,12,0,0,annimmt,annimmt,annimmt,annimmt,0,0,0,0
12,14,2,0,Multiuser,Multiuser,Multimeter,Multiuser,3,0,3,0
12,15,0,0,mehrfach,mehrfach,mehrfach,mehrfach,0,0,0,0
12,16,0,0,registrierten,registrierten,registrierten,registrierten,0,0,0,0
12,17,0,0,Benutzer,Benutzer,Benutzer,Benutzer,0,0,0,0
12,18,0,0,gefunden,gefunden,gefunden,gefunden,0,0,0,0
12,21,0,0,Und,Und,Und,Und,0,0,0,0
12,25,0,0,Usern,Usern,Usern,Usern,0,0,0,0
12,28,0,0,länger,länger,länger,länger,0,0,0,0
12,29,0,0,registriert,registriert,registriert,registriert,0,0,0,0
12,31,0,0,selbst,selbst,selbst,selbst,0,0,0,0
12,32,0,0,0,0,0,0,0,0,0,0
12,33,0,0,Postings,Postings,Postings,Postings,0,0,0,0
12,34,0,0,verfasst,verfasst,verfasst,verfasst,0,0,0,0
12,38,2,0,Threads,Threads,Headset,Threads,5,0,5,0
12,39,0,0,auffallend,auffallend,auffallend,auffallend,0,0,0,0
12,40,0,0,oft,oft,oft,oft,0,0,0,0
12,42,0,0,oben,oben,oben,oben,0,0,0,0
12,44,0,0,unten,unten,unten,unten,0,0,0,0
12,45,0,0,durchgehend,durchgehend,durchgehend,durchgehend,0,0,0,0
12,48,0,0,rot,rot,rot,rot,0,0,0,0
12,50,0,0,grün,grün,grün,grün,0,0,0,0
12,51,0,0,bewerten,bewerten,bewerten,bewerten,0,0,0,0
13,0,0,0,wegen,wegen,wegen,wegen,0,0,0,0
13,2,0,0,Zensur,Zensur,Zensur,Zensur,0,0,0,0
13,4,0,0,ersuche,ersuche,ersuche,ersuche,0,0,0,0
13,5,0,0,hiermit,hiermit,hiermit,hiermit,0,0,0,0
13,7,1,1,account,Account,Account,account,0,1,0,1
13,8,0,0,ebenfalls,ebenfalls,ebenfalls,ebenfalls,0,0,0,0
13,10,0,0,löschen,löschen,löschen,löschen,0,0,0,0
14,0,0,0,Dem,Dem,Dem,Dem,0,0,0,0
14,1,0,0,Standard,Standard,Standard,Standard,0,0,0,0
14,2,0,0,müssen,müssen,müssen,müssen,0,0,0,0
14,3,0,0,meine,meine,meine,meine,0,0,0,0
14,6,0,0,verhasst,verhasst,verhasst,verhasst,0,0,0,0
14,7,0,0,sein,sein,sein,sein,0,0,0,0
14,8,0,0,er,er,er,er,0,0,0,0
14,10,0,0,kein,kein,kein,kein,0,0,0,0
14,11,0,0,einziges,einziges,einziges,einziges,0,0,0,0
14,13,0,0,mehr,mehr,mehr,mehr,0,0,0,0
14,14,0,0,D,D,D,D,0,0,0,0
15,0,0,0,Es,Es,Es,Es,0,0,0,0
15,1,0,0,bleibt,bleibt,bleibt,bleibt,0,0,0,0
15,5,0,0,allen,allen,allen,allen,0,0,0,0
15,6,0,0,ihren,ihren,ihren,ihren,0,0,0,0
15,9,2,1,derstandard,der Standard,Aderstandard,der Standard,3,0,3,2
15,11,0,0,Name,Name,Name,Name,0,0,0,0
15,12,0,0,wird,wird,wird,wird,0,0,0,0
15,14,0,0,durch,durch,durch,durch,0,0,0,0
15,16,2,0,UID,UID,UND,UID,1,0,1,0
15,17,0,0,ersetzt,ersetzt,ersetzt,ersetzt,0,0,0,0
15,18,0,0,Natürlich,Natürlich,Natürlich,Natürlich,0,0,0,0
15,22,0,0,wirklich,wirklich,wirklich,wirklich,0,0,0,0
15,23,4,0,unlöschbar,unlöschbar,auslöschbar,unlösbar,2,2,2,0
15,25,0,0,Datenbank,Datenbank,Datenbank,Datenbank,0,0,0,0
15,26,0,0,wo,wo,wo,wo,0,0,0,0
15,33,0,1,ersteinmal,erst einmal,erst einmal,erst einmal,0,0,0,1
15,34,0,0,einer,einer,einer,einer,0,0,0,0
15,35,0,0,zeigen,zeigen,zeigen,zeigen,0,0,0,0
15,36,0,0,Argumentiert,Argumentiert,Argumentiert,Argumentiert,0,0,0,0
15,39,0,0,Antworten,Antworten,Antworten,Antworten,0,0,0,0
15,40,0,0,auf,auf,auf,auf,0,0,0,0
15,41,0,0,ihre,ihre,ihre,ihre,0,0,0,0
15,45,0,0,dann,dann,dann,dann,0,0,0,0
15,47,0,0,verschwinden,verschwinden,verschwinden,verschwinden,0,0,0,0
15,48,0,0,würden,würden,würden,würden,0,0,0,0
15,54,0,0,Argument,Argument,Argument,Argument,0,0,0,0
15,57,0,0,zensierte,zensierte,zensierte,zensierte,0,0,0,0
15,62,0,0,gelöscht,gelöscht,gelöscht,gelöscht,0,0,0,0
15,64,0,0,ganze,ganze,ganze,ganze,0,0,0,0
15,66,0,0,sicher,sicher,sicher,sicher,0,0,0,0
15,68,0,0,technisches,technisches,technisches,technisches,0,0,0,0
15,69,0,0,Problem,Problem,Problem,Problem,0,0,0,0
15,70,0,0,sondern,sondern,sondern,sondern,0,0,0,0
15,72,0,0,Willensproblem,Willensproblem,Willensproblem,Willensproblem,0,0,0,0
16,0,4,0,angranteln,angranteln,an granteln,angrinsten,1,3,1,0
16,1,0,0,viel,viel,viel,viel,0,0,0,0
16,5,0,0,möglich,möglich,möglich,möglich,0,0,0,0
16,8,3,1,mach,mache,mach,mach,1,1,1,1
16,10,0,0,regelmäßig,regelmäßig,regelmäßig,regelmäßig,0,0,0,0
16,11,0,0,lustig,lustig,lustig,lustig,0,0,0,0
16,13,0,0,solche,solche,solche,solche,0,0,0,0
16,14,0,0,gell,gell,gell,gell,0,0,0,0
16,15,4,0,dragomira,dragomira,Mandragora,Dragomir,5,2,5,0
17,0,0,0,wollt,wollt,wollt,wollt,0,0,0,0
17,3,0,1,verantwortung,Verantwortung,Verantwortung,Verantwortung,0,0,0,1
17,6,1,1,poster,Poster,Poster,poster,0,1,0,1
17,7,0,0,abwälzen,abwälzen,abwälzen,abwälzen,0,0,0,0
17,9,1,1,klarnamen,Klarnamen,Klarnamen,klarkamen,0,2,0,1
17,11,0,1,adresse,Adresse,Adresse,Adresse,0,0,0,1
17,13,0,1,geburtsdaten,Geburtsdaten,Geburtsdaten,Geburtsdaten,0,0,0,1
17,14,0,0,kriegt,kriegt,kriegt,kriegt,0,0,0,0
17,16,0,0,niemals,niemals,niemals,niemals,0,0,0,0
17,21,0,0,vertrauen,vertrauen,vertrauen,vertrauen,0,0,0,0
17,25,0,1,zukunft,Zukunft,Zukunft,Zukunft,0,0,0,1
17,26,0,0,politisch,politisch,politisch,politisch,0,0,0,0
17,27,0,0,verfolgt,verfolgt,verfolgt,verfolgt,0,0,0,0
17,34,0,0,geäußert,geäußert,geäußert,geäußert,0,0,0,0
17,40,0,0,antihumanen,antihumanen,antihumanen,antihumanen,0,0,0,0
17,41,2,0,ökologistischen,ökologistischen,ökologischen,ökologistischen,3,0,3,0
17,42,4,1,fascho-mainstream,Fascho-Mainstream,ASchO-mainstream,fasch,5,13,5,2
17,43,0,0,angepasst,angepasst,angepasst,angepasst,0,0,0,0
18,0,0,0,Blockwart,Blockwart,Blockwart,Blockwart,0,0,0,0
18,1,0,0,elendiger,elendiger,elendiger,elendiger,0,0,0,0
19,1,0,0,wollen,wollen,wollen,wollen,0,0,0,0
19,2,0,0,deine,deine,deine,deine,0,0,0,0
19,3,4,1,postings,Postings,Postillion,postings,5,1,5,1
19,4,0,0,ewig,ewig,ewig,ewig,0,0,0,0
19,5,4,1,speicher,speichern,speicher,Speicher,1,2,1,1
19,8,0,0,irgendeinmal,irgendeinmal,irgendeinmal,irgendeinmal,0,0,0,0
19,9,0,0,gegen,gegen,gegen,gegen,0,0,0,0
19,10,0,0,dich,dich,dich,dich,0,0,0,0
19,12,0,0,verwenden,verwenden,verwenden,verwenden,0,0,0,0
20,2,3,1,komm,komme,komm,komm,1,1,1,1
20,4,0,0,einem,einem,einem,einem,0,0,0,0
20,5,1,1,user,User,User,user,0,1,0,1
20,7,0,0,beide,beide,beide,beide,0,0,0,0
20,8,4,1,seiten,Seiten,seiden,seiten,2,1,2,1
20,10,0,0,glaub,glaub,glaub,glaub,0,0,0,0
20,13,0,1,absicht,Absicht,Absicht,Absicht,0,0,0,1
21,0,0,0,Wie,Wie,Wie,Wie,0,0,0,0
21,1,0,0,lange,lange,lange,lange,0,0,0,0
21,2,0,0,dauert,dauert,dauert,dauert,0,0,0,0
21,3,0,0,m,m,m,m,0,0,0,0
21,5,0,0,Löschung,Löschung,Löschung,Löschung,0,0,0,0
22,1,2,0,at-webmaster,at-webmaster,AT-webmaster,at-webmaster,2,0,2,0
22,4,0,0,geschrieben,geschrieben,geschrieben,geschrieben,0,0,0,0
22,5,0,1,daß,dass,dass,dass,0,0,0,2
22,8,0,0,funktioniert,funktioniert,funktioniert,funktioniert,0,0,0,0
23,1,0,0,Sie,Sie,Sie,Sie,0,0,0,0
23,2,0,0,Ihren,Ihren,Ihren,Ihren,0,0,0,0
23,3,0,0,Account,Account,Account,Account,0,0,0,0
23,5,0,0,lassen,lassen,lassen,lassen,0,0,0,0
23,9,1,0,at/2000004506993/Frequently-Asked-Questions-zur-Community,at/2000004506993/Frequently-Asked-Questions-zur-Community,at/2000004506993/Frequently-Asked-Questions-zur-Community,atz,0,54,0,0
23,10,0,0,_articlePage=11,_articlePage=11,_articlePage=11,_articlePage=11,0,0,0,0
23,11,4,0,cmb,cmb,cm,Combo,1,3,1,0
24,1,0,0,//www,//www,//www,//www,0,0,0,0
24,2,4,0,regenbogenwald,regenbogenwald,Regenbogenwald,Regenbogen Wald,1,3,1,0
24,3,4,0,de/themen/mps/,de/themen/mps/,Mythenthemen,Themen,10,9,10,0
25,0,0,0,Lieber,Lieber,Lieber,Lieber,0,0,0,0
25,3,0,0,gebe,gebe,gebe,gebe,0,0,0,0
25,6,0,0,nach,nach,nach,nach,0,0,0,0
25,7,0,0,x,x,x,x,0,0,0,0
25,8,0,0,Versuchen,Versuchen,Versuchen,Versuchen,0,0,0,0
25,10,0,0,heute,heute,heute,heute,0,0,0,0
25,12,4,1,online-standard,online Standard,online -standard,online-standard,2,2,2,2
25,14,0,0,lesen,lesen,lesen,lesen,0,0,0,0
25,16,0,0,unerträgliche,unerträgliche,unerträgliche,unerträgliche,0,0,0,0
25,17,4,1,schwarz-werbung,schwarz Werbung,schwarz -werbung,schwarz-werbung,2,2,2,2
25,18,0,0,voll,voll,voll,voll,0,0,0,0
25,19,0,0,quer,quer,quer,quer,0,0,0,0
25,21,0,0,längs,längs,längs,längs,0,0,0,0
25,22,0,0,dauernd,dauernd,dauernd,dauernd,0,0,0,0
25,26,1,0,wegzuklicken,wegzuklicken,wegzuklicken,wegzublicken,0,1,0,0
25,27,0,0,nervt,nervt,nervt,nervt,0,0,0,0
25,28,0,0,unglaublich,unglaublich,unglaublich,unglaublich,0,0,0,0
25,30,0,0,macht,macht,macht,macht,0,0,0,0
25,31,0,0,ihn,ihn,ihn,ihn,0,0,0,0
25,37,0,0,lesbar,lesbar,lesbar,lesbar,0,0,0,0
25,38,0,0,bitte,bitte,bitte,bitte,0,0,0,0
25,42,3,0,zukunft,zukunft,Zukunft,Zukunft,1,1,1,0
25,43,0,0,überdenken,überdenken,überdenken,überdenken,0,0,0,0
25,46,0,1,funktion,Funktion,Funktion,Funktion,0,0,0,1
25,47,0,0,einrichten,einrichten,einrichten,einrichten,0,0,0,0
25,49,0,0,irgendwie,irgendwie,irgendwie,irgendwie,0,0,0,0
25,51,2,0,1x,1x,ex,1x,1,0,1,0
25,52,0,0,wegklicken,wegklicken,wegklicken,wegklicken,0,0,0,0
25,55,0,0,IP-Adresse,IP-Adresse,IP-Adresse,IP-Adresse,0,0,0,0
25,58,1,1,tag,Tag,Tag,tag,0,1,0,1
25,59,0,0,fixiert,fixiert,fixiert,fixiert,0,0,0,0
26,2,4,1,posternamen,Posternamen,-osternamen,Poster Namen,1,2,1,1
26,3,0,0,ändern,ändern,ändern,ändern,0,0,0,0
26,5,0,0,geht,geht,geht,geht,0,0,0,0
26,9,0,1,antwort,Antwort,Antwort,Antwort,0,0,0,1
26,11,4,1,worten,Worten,worden,worten,2,1,2,1
26,14,3,1,verweis,Verweis,verweis,verweis,1,1,1,1
26,20,1,1,forenregeln,Forenregeln,Forenregeln,Foren regeln,0,1,0,1
27,0,0,0,Ein,Ein,Ein,Ein,0,0,0,0
27,1,2,0,Löschungsersuchen,Löschungsersuchen,Böschungsersuchen,Löschungsersuchen,1,0,1,0
27,4,2,0,DSG,DSG,DSCHG,DSG,2,0,2,0
27,5,0,0,später,später,später,später,0,0,0,0
27,8,0,0,sollte,sollte,sollte,sollte,0,0,0,0
28,0,0,0,Test,Test,Test,Test,0,0,0,0
29,3,0,0,neue,neue,neue,neue,0,0,0,0
29,4,1,1,firma,Firma,Firma,firma,0,1,0,1
29,5,0,0,personalisierte,personalisierte,personalisierte,personalisierte,0,0,0,0
29,6,4,1,mail-adressen,Mailadressen,-mailadressen,mail-adressen,2,2,2,2
29,7,0,0,verwendet,verwendet,verwendet,verwendet,0,0,0,0
30,0,0,0,Würde,Würde,Würde,Würde,0,0,0,0
30,3,0,0,gerne,gerne,gerne,gerne,0,0,0,0
31,0,0,0,Service,Service,Service,Service,0,0,0,0
31,1,0,0,gleich,gleich,gleich,gleich,0,0,0,0
31,2,0,0,Null,Null,Null,Null,0,0,0,0
32,1,0,0,stimmt,stimmt,stimmt,stimmt,0,0,0,0
32,3,0,0,Newsletter,Newsletter,Newsletter,Newsletter,0,0,0,0
32,7,0,0,Vielen,Vielen,Vielen,Vielen,0,0,0,0
32,8,0,0,dank,dank,dank,dank,0,0,0,0
32,13,0,0,gesagt,gesagt,gesagt,gesagt,0,0,0,0
33,0,0,0,,,,,0,0,0,0
35,0,0,0,kommen,kommen,kommen,kommen,0,0,0,0
35,2,2,0,Posts,Posts,Post,Posts,1,0,1,0
36,0,0,0,Ihre,Ihre,Ihre,Ihre,0,0,0,0
36,4,0,0,online,online,online,online,0,0,0,0
36,5,4,0,sni,sni,ins,sie,2,2,2,0
37,0,0,0,Eine,Eine,Eine,Eine,0,0,0,0
37,1,0,0,Frage,Frage,Frage,Frage,0,0,0,0
37,5,0,0,Möglichkeit,Möglichkeit,Möglichkeit,Möglichkeit,0,0,0,0
37,7,0,0,Nick,Nick,Nick,Nick,0,0,0,0
37,16,0,0,bestehende,bestehende,bestehende,bestehende,0,0,0,0
37,17,0,0,Registrierung,Registrierung,Registrierung,Registrierung,0,0,0,0
37,21,0,0,neu,neu,neu,neu,0,0,0,0
37,22,0,0,registrieren,registrieren,registrieren,registrieren,0,0,0,0
37,25,0,0,selben,selben,selben,selben,0,0,0,0
37,26,3,1,E-Mailadresse,E-Mail-Adresse,E-Mailadresse,E-Mailadresse,2,2,2,2
38,0,2,0,Liebe/r,Liebe/r,Lieber,Liebe/r,1,0,1,0
38,1,4,0,Reizinger,Reizinger,Reizniger,Reisinger,2,1,2,0
38,7,4,0,Postingnamen,Postingnamen,Postsingnamen,Posteingängen,1,4,1,0
38,11,0,0,können,können,können,können,0,0,0,0
38,24,4,0,kub,kub,buk,Kuba,2,2,2,0
40,0,0,0,Wirklich,Wirklich,Wirklich,Wirklich,0,0,0,0
40,1,0,0,darf,darf,darf,darf,0,0,0,0
40,8,0,0,at/permalink/p/40862329,at/permalink/p/40862329,at/permalink/p/40862329,at/permalink/p/40862329,0,0,0,0
41,3,0,0,langsam,langsam,langsam,langsam,0,0,0,0
41,4,0,0,Zeit,Zeit,Zeit,Zeit,0,0,0,0
41,5,0,0,Toleranz,Toleranz,Toleranz,Toleranz,0,0,0,0
41,7,0,0,üben,üben,üben,üben,0,0,0,0
41,11,0,0,freizuschalten,freizuschalten,freizuschalten,freizuschalten,0,0,0,0
41,12,4,1,Soo,So,Solo,Soo,2,1,2,1
41,13,0,0,schlimm,schlimm,schlimm,schlimm,0,0,0,0
41,14,0,0,waren,waren,waren,waren,0,0,0,0
41,16,0,0,Äußerungen,Äußerungen,Äußerungen,Äußerungen,0,0,0,0
41,20,0,0,ärgerte,ärgerte,ärgerte,ärgerte,0,0,0,0
41,24,0,0,andere,andere,andere,andere,0,0,0,0
41,29,0,0,Schlagseite,Schlagseite,Schlagseite,Schlagseite,0,0,0,0
41,30,0,0,welche,welche,welche,welche,0,0,0,0
41,32,0,0,Euch,Euch,Euch,Euch,0,0,0,0
41,33,0,0,eh,eh,eh,eh,0,0,0,0
41,35,0,0,wurde,wurde,wurde,wurde,0,0,0,0
41,39,0,0,jahrelanges,jahrelanges,jahrelanges,jahrelanges,0,0,0,0
41,40,0,0,Mitglied,Mitglied,Mitglied,Mitglied,0,0,0,0
41,45,0,0,dies,dies,dies,dies,0,0,0,0
41,47,0,0,unter,unter,unter,unter,0,0,0,0
41,49,0,0,jahrelangen,jahrelangen,jahrelangen,jahrelangen,0,0,0,0
41,50,2,0,Usernamen,Usernamen,Usern amen,Usernamen,1,0,1,0
41,51,0,0,weiterhin,weiterhin,weiterhin,weiterhin,0,0,0,0
41,54,0,0,neuer,neuer,neuer,neuer,0,0,0,0
41,55,2,0,Username,Username,Ufername,Username,1,0,1,0
41,65,0,0,Spaß,Spaß,Spaß,Spaß,0,0,0,0
41,72,0,0,Historie,Historie,Historie,Historie,0,0,0,0
41,73,0,0,abgehen,abgehen,abgehen,abgehen,0,0,0,0
41,76,0,0,liebe,liebe,liebe,liebe,0,0,0,0
41,77,0,0,Grüße,Grüße,Grüße,Grüße,0,0,0,0
42,9,0,0,PC,PC,PC,PC,0,0,0,0
42,11,0,0,bestens,bestens,bestens,bestens,0,0,0,0
42,12,0,0,Nun,Nun,Nun,Nun,0,0,0,0
42,17,2,0,Tablet,Tablet,Tablett,Tablet,1,0,1,0
42,18,0,0,gekauft,gekauft,gekauft,gekauft,0,0,0,0
42,21,0,0,dort,dort,dort,dort,0,0,0,0
42,22,0,0,beim,beim,beim,beim,0,0,0,0
42,27,0,0,anderen,anderen,anderen,anderen,0,0,0,0
42,31,0,0,bequemer,bequemer,bequemer,bequemer,0,0,0,0
42,32,0,0,Aber,Aber,Aber,Aber,0,0,0,0
42,35,0,0,vom,vom,vom,vom,0,0,0,0
42,36,0,0,Tablett,Tablett,Tablett,Tablett,0,0,0,0
42,38,0,0,Beitrag,Beitrag,Beitrag,Beitrag,0,0,0,0
42,40,0,0,/,/,/,/,0,0,0,0
42,41,0,0,Kommentieren,Kommentieren,Kommentieren,Kommentieren,0,0,0,0
42,42,0,0,will,will,will,will,0,0,0,0
42,45,0,0,Bildschirm,Bildschirm,Bildschirm,Bildschirm,0,0,0,0
42,46,0,0,dunkel,dunkel,dunkel,dunkel,0,0,0,0
42,52,0,0,los,los,los,los,0,0,0,0
43,10,0,0,99%,99%,99%,99%,0,0,0,0
43,11,0,0,Fehler,Fehler,Fehler,Fehler,0,0,0,0
43,12,0,0,sitzen,sitzen,sitzen,sitzen,0,0,0,0
43,15,0,0,Rechner,Rechner,Rechner,Rechner,0,0,0,0
44,1,4,0,Knjas,Knjas,Anjas,Kajas,1,1,1,0
44,2,0,0,N,N,N,N,0,0,0,0
44,4,0,0,schicken,schicken,schicken,schicken,0,0,0,0
44,7,0,0,Mail,Mail,Mail,Mail,0,0,0,0
44,10,0,0,möglichst,möglichst,möglichst,möglichst,0,0,0,0
44,11,3,0,detailierten,detailierten,detaillierten,detaillierten,1,1,1,0
44,12,3,1,Fehler-,Fehler,Fehler-,Fehler-,1,1,1,1
44,13,3,0,bzw,bzw,bzw.,bzw.,1,1,1,0
44,14,0,0,Problemdarstellung,Problemdarstellung,Problemdarstellung,Problemdarstellung,0,0,0,0
44,17,2,0,at,at,AT,at,2,0,2,0
44,18,3,0,cln,cln,Clan,Clan,2,2,2,0
45,1,0,0,schreibe,schreibe,schreibe,schreibe,0,0,0,0
45,2,0,0,zwar,zwar,zwar,zwar,0,0,0,0
45,4,0,0,sehe,sehe,sehe,sehe,0,0,0,0
45,5,0,0,danach,danach,danach,danach,0,0,0,0
45,9,0,0,gepostet,gepostet,gepostet,gepostet,0,0,0,0
45,10,0,0,hätte,hätte,hätte,hätte,0,0,0,0
46,1,0,0,erscheint,erscheint,erscheint,erscheint,0,0,0,0
46,5,0,0,sofort,sofort,sofort,sofort,0,0,0,0
46,6,0,0,Da,Da,Da,Da,0,0,0,0
46,11,0,0,aufgeregt,aufgeregt,aufgeregt,aufgeregt,0,0,0,0
47,1,2,1,wuren,wurden,euren,wurden,2,0,2,1
47,3,0,0,Verstößen,Verstößen,Verstößen,Verstößen,0,0,0,0
47,7,0,0,Richtlinien,Richtlinien,Richtlinien,Richtlinien,0,0,0,0
47,10,0,0,Bewerten,Bewerten,Bewerten,Bewerten,0,0,0,0
47,11,0,0,gesperrt,gesperrt,gesperrt,gesperrt,0,0,0,0
47,13,0,0,na,na,na,na,0,0,0,0
47,14,2,0,bum,bum,um,bum,1,0,1,0
47,21,0,0,seit,seit,seit,seit,0,0,0,0
47,22,0,0,Wochen,Wochen,Wochen,Wochen,0,0,0,0
47,28,0,0,egal,egal,egal,egal,0,0,0,0
47,30,0,0,welchen,welchen,welchen,welchen,0,0,0,0
47,31,0,0,Thema,Thema,Thema,Thema,0,0,0,0
47,37,0,0,welchem,welchem,welchem,welchem,0,0,0,0
47,38,0,0,Vergehen,Vergehen,Vergehen,Vergehen,0,0,0,0
47,43,0,0,Welcher,Welcher,Welcher,Welcher,0,0,0,0
47,44,0,0,Praktikant,Praktikant,Praktikant,Praktikant,0,0,0,0
47,45,0,0,arbeitet,arbeitet,arbeitet,arbeitet,0,0,0,0
47,46,0,0,denn,denn,denn,denn,0,0,0,0
48,4,0,0,dauerhaft,dauerhaft,dauerhaft,dauerhaft,0,0,0,0
48,5,0,0,abmelden,abmelden,abmelden,abmelden,0,0,0,0
49,5,0,0,letzter,letzter,letzter,letzter,0,0,0,0
49,7,0,0,häufiger,häufiger,häufiger,häufiger,0,0,0,0
49,9,0,0,hören,hören,hören,hören,0,0,0,0
49,10,0,0,*lol*,*lol*,*lol*,*lol*,0,0,0,0
49,11,0,0,Hängt,Hängt,Hängt,Hängt,0,0,0,0
49,13,0,0,etwa,etwa,etwa,etwa,0,0,0,0
49,14,0,0,damit,damit,damit,damit,0,0,0,0
49,18,0,0,Bewertungssystem,Bewertungssystem,Bewertungssystem,Bewertungssystem,0,0,0,0
49,19,0,0,gerade,gerade,gerade,gerade,0,0,0,0
49,21,0,0,Bach,Bach,Bach,Bach,0,0,0,0
49,22,0,0,runter,runter,runter,runter,0,0,0,0
50,0,0,0,Schicken,Schicken,Schicken,Schicken,0,0,0,0
50,2,0,0,uns,uns,uns,uns,0,0,0,0
50,6,2,0,foren@derStandard,foren@derStandard,Referendarsforen,foren@derStandard,13,0,13,0
50,8,4,0,stn,stn,Dtn,Sten,1,2,1,0
51,6,2,0,*grün*,*grün*,grün,*grün*,2,0,2,0
51,7,2,0,by,by,Baby,by,2,0,2,0
51,8,2,0,the,the,ehe,the,1,0,1,0
51,9,2,0,way,way,was,way,1,0,1,0
52,0,0,0,Weshalb,Weshalb,Weshalb,Weshalb,0,0,0,0
52,3,2,0,Liveticker,Liveticker,Verklicker,Liveticker,5,0,5,0
53,1,0,0,genau,genau,genau,genau,0,0,0,0
53,8,0,0,doch,doch,doch,doch,0,0,0,0
53,10,0,0,Screenshot,Screenshot,Screenshot,Screenshot,0,0,0,0
54,0,0,0,per,per,per,per,0,0,0,0
54,1,2,0,RSS,RSS,RISS,RSS,1,0,1,0
54,2,2,0,feed,feed,Fee,feed,2,0,2,0
55,1,0,0,40+,40+,40+,40+,0,0,0,0
55,5,3,1,update,Update,update,update,1,1,1,1
55,7,0,0,Texte,Texte,Texte,Texte,0,0,0,0
55,8,0,0,kaum,kaum,kaum,kaum,0,0,0,0
55,12,0,0,Buchstaben,Buchstaben,Buchstaben,Buchstaben,0,0,0,0
55,16,0,0,klein,klein,klein,klein,0,0,0,0
55,17,0,0,Auch,Auch,Auch,Auch,0,0,0,0
55,21,1,1,weissen,weißen,weißen,Weißen,0,1,0,2
55,22,0,0,Hintergrund,Hintergrund,Hintergrund,Hintergrund,0,0,0,0
55,23,0,0,recht,recht,recht,recht,0,0,0,0
55,24,0,0,langweilig,langweilig,langweilig,langweilig,0,0,0,0
55,26,3,1,weis,weiß,weis,weis,1,1,1,1
55,31,0,0,Ressort,Ressort,Ressort,Ressort,0,0,0,0
55,35,0,0,Zoomen,Zoomen,Zoomen,Zoomen,0,0,0,0
55,38,0,0,Browser,Browser,Browser,Browser,0,0,0,0
55,41,0,0,Die,Die,Die,Die,0,0,0,0
55,42,0,0,Buttons,Buttons,Buttons,Buttons,0,0,0,0
55,44,0,0,mitten,mitten,mitten,mitten,0,0,0,0
55,46,0,0,Text,Text,Text,Text,0,0,0,0
55,47,2,0,Galaxy,Galaxy,Galaxie,Galaxy,2,0,2,0
55,48,2,0,S4,S4,Sh,S4,1,0,1,0
55,50,0,0,Android,Android,Android,Android,0,0,0,0
55,51,0,0,4,4,4,4,0,0,0,0
55,52,0,0,3,3,3,3,0,0,0,0
55,54,0,0,gibt,gibt,gibt,gibt,0,0,0,0
55,58,0,0,Vollversion,Vollversion,Vollversion,Vollversion,0,0,0,0
55,61,0,0,App,App,App,App,0,0,0,0
55,62,0,0,wäre,wäre,wäre,wäre,0,0,0,0
55,64,0,0,deutlich,deutlich,deutlich,deutlich,0,0,0,0
55,65,0,0,lieber,lieber,lieber,lieber,0,0,0,0
56,1,0,0,Dank,Dank,Dank,Dank,0,0,0,0
56,4,0,0,Fehlermeldung,Fehlermeldung,Fehlermeldung,Fehlermeldung,0,0,0,0
56,5,0,0,Wir,Wir,Wir,Wir,0,0,0,0
56,6,0,0,konnten,konnten,konnten,konnten,0,0,0,0
56,11,0,0,Hintergrundfarbe,Hintergrundfarbe,Hintergrundfarbe,Hintergrundfarbe,0,0,0,0
56,14,0,0,nachvollziehen,nachvollziehen,nachvollziehen,nachvollziehen,0,0,0,0
56,15,0,0,Würden,Würden,Würden,Würden,0,0,0,0
56,22,2,0,mobil@derstandard,mobil@derstandard,Kalibrierstandard,mobil@derstandard,6,0,6,0
56,26,4,0,Schriftgrösse,Schriftgrösse,Schriftgröße,Schrittgröße,2,3,2,0
56,27,0,0,des,des,des,des,0,0,0,0
56,28,0,0,dargestellten,dargestellten,dargestellten,dargestellten,0,0,0,0
56,29,0,0,Textes,Textes,Textes,Textes,0,0,0,0
56,34,2,0,A+,A+,Aa,A+,1,0,1,0
56,36,0,0,Symbol,Symbol,Symbol,Symbol,0,0,0,0
56,38,0,0,rechten,rechten,rechten,rechten,0,0,0,0
56,39,0,0,Bereich,Bereich,Bereich,Bereich,0,0,0,0
56,41,2,0,Top-Toolbar,Top-Toolbar,Top-Tool bar,Top-Toolbar,1,0,1,0
56,43,0,0,In,In,In,In,0,0,0,0
56,44,0,0,dieser,dieser,dieser,dieser,0,0,0,0
56,45,0,0,finden,finden,finden,finden,0,0,0,0
56,47,0,0,ebenso,ebenso,ebenso,ebenso,0,0,0,0
56,49,0,0,Info,Info,Info,Info,0,0,0,0
56,52,0,0,aktuelle,aktuelle,aktuelle,aktuelle,0,0,0,0
56,54,0,0,Als,Als,Als,Als,0,0,0,0
56,55,0,0,zusätzliche,zusätzliche,zusätzliche,zusätzliche,0,0,0,0
56,56,0,0,Navigationshilfe,Navigationshilfe,Navigationshilfe,Navigationshilfe,0,0,0,0
56,60,0,0,linken,linken,linken,linken,0,0,0,0
56,61,0,0,Button,Button,Button,Button,0,0,0,0
56,64,0,0,unteren,unteren,unteren,unteren,0,0,0,0
56,65,0,0,Aktionsleiste,Aktionsleiste,Aktionsleiste,Aktionsleiste,0,0,0,0
56,66,0,0,benutzen,benutzen,benutzen,benutzen,0,0,0,0
56,68,0,0,prüfen,prüfen,prüfen,prüfen,0,0,0,0
56,72,0,0,eben,eben,eben,eben,0,0,0,0
56,73,0,0,beschriebenen,beschriebenen,beschriebenen,beschriebenen,0,0,0,0
56,74,0,0,Elemente,Elemente,Elemente,Elemente,0,0,0,0
56,76,0,0,Ihrem,Ihrem,Ihrem,Ihrem,0,0,0,0
56,77,0,0,Gerät,Gerät,Gerät,Gerät,0,0,0,0
56,78,0,0,funktionieren,funktionieren,funktionieren,funktionieren,0,0,0,0
56,79,0,0,Falls,Falls,Falls,Falls,0,0,0,0
56,81,0,0,wären,wären,wären,wären,0,0,0,0
56,87,0,0,Rückmeldung,Rückmeldung,Rückmeldung,Rückmeldung,0,0,0,0
56,88,0,0,dankbar,dankbar,dankbar,dankbar,0,0,0,0
57,0,0,0,*,*,*,*,0,0,0,0
57,1,0,0,Im,Im,Im,Im,0,0,0,0
57,2,0,0,gedrehten,gedrehten,gedrehten,gedrehten,0,0,0,0
57,4,0,0,Modus,Modus,Modus,Modus,0,0,0,0
57,5,2,0,Widescreen,Widescreen,Widerreden,Widescreen,3,0,3,0
57,8,2,0,Homebutton,Homebutton,Homecomputern,Homebutton,6,0,6,0
57,10,0,0,links,links,links,links,0,0,0,0
57,11,0,0,eher,eher,eher,eher,0,0,0,0
57,12,0,0,störend,störend,störend,störend,0,0,0,0
57,18,4,0,Topic-Scrollleiste,Topic-Scrollleiste,Topik-Scrollleiste,Scroll leiste,1,7,1,0
57,19,0,0,geben,geben,geben,geben,0,0,0,0
57,21,2,0,No,No,Not,No,1,0,1,0
57,22,2,0,offense,offense,offenes,offense,2,0,2,0
57,25,0,0,Icon,Icon,Icon,Icon,0,0,0,0
57,30,2,0,grottenhässlich,grottenhässlich,grottenhäßlich,grottenhässlich,2,0,2,0
57,35,4,1,e-paper,E-Paper,-paper,e-paper,2,2,2,2
57,36,0,0,Version,Version,Version,Version,0,0,0,0
57,37,0,0,hingegen,hingegen,hingegen,hingegen,0,0,0,0
57,39,0,0,ansprechend,ansprechend,ansprechend,ansprechend,0,0,0,0
57,41,0,0,brauchbar,brauchbar,brauchbar,brauchbar,0,0,0,0
57,45,0,0,Systemhacker,Systemhacker,Systemhacker,Systemhacker,0,0,0,0
57,49,0,0,eigene,eigene,eigene,eigene,0,0,0,0
57,50,0,0,Icons,Icons,Icons,Icons,0,0,0,0
57,51,0,0,bastelt,bastelt,bastelt,bastelt,0,0,0,0
57,57,0,0,notwendig,notwendig,notwendig,notwendig,0,0,0,0
57,59,0,0,Ansonsten,Ansonsten,Ansonsten,Ansonsten,0,0,0,0
57,62,0,0,zufrieden,zufrieden,zufrieden,zufrieden,0,0,0,0
57,64,0,0,kurzem,kurzem,kurzem,kurzem,0,0,0,0
57,66,2,0,Keep,Keep,Jeep,Keep,1,0,1,0
57,67,2,0,on,on,in,on,1,0,1,0
57,69,2,0,good,good,Godot,good,3,0,3,0
57,70,2,0,work,work,York,work,1,0,1,0
58,0,0,0,Freut,Freut,Freut,Freut,0,0,0,0
58,4,0,0,zur,zur,zur,zur,0,0,0,0
58,5,0,0,Zufriedenheit,Zufriedenheit,Zufriedenheit,Zufriedenheit,0,0,0,0
58,10,0,0,bekanntlich,bekanntlich,bekanntlich,bekanntlich,0,0,0,0
58,11,0,0,Geschmackssache,Geschmackssache,Geschmackssache,Geschmackssache,0,0,0,0
58,18,0,0,unseren,unseren,unseren,unseren,0,0,0,0
58,19,0,0,Designer,Designer,Designer,Designer,0,0,0,0
58,20,0,0,weiter,weiter,weiter,weiter,0,0,0,0
59,0,0,0,Immer,Immer,Immer,Immer,0,0,0,0
59,4,0,0,anmelden,anmelden,anmelden,anmelden,0,0,0,0
59,10,0,0,Text-Boxen,Text-Boxen,Text-Boxen,Text-Boxen,0,0,0,0
59,11,0,0,klicke,klicke,klicke,klicke,0,0,0,0
59,14,0,0,Lade-Zeichen,Lade-Zeichen,Lade-Zeichen,Lade-Zeichen,0,0,0,0
59,15,0,0,Bei,Bei,Bei,Bei,0,0,0,0
59,22,0,0,sei,sei,sei,sei,0,0,0,0
59,25,0,0,klickt,klickt,klickt,klickt,0,0,0,0
59,26,4,1,irg,irgendwo,birg,arg,6,6,6,5
59,31,0,0,hin,hin,hin,hin,0,0,0,0
59,32,0,0,Dann,Dann,Dann,Dann,0,0,0,0
59,35,0,0,beginnen,beginnen,beginnen,beginnen,0,0,0,0
59,37,0,0,Anmeldedaten,Anmeldedaten,Anmeldedaten,Anmeldedaten,0,0,0,0
59,38,0,0,einzugeben,einzugeben,einzugeben,einzugeben,0,0,0,0
59,39,0,0,Also,Also,Also,Also,0,0,0,0
59,45,0,0,seltsam,seltsam,seltsam,seltsam,0,0,0,0
59,46,0,0,umständlich,umständlich,umständlich,umständlich,0,0,0,0
59,47,0,0,Mein,Mein,Mein,Mein,0,0,0,0
59,48,0,0,OS,OS,OS,OS,0,0,0,0
59,51,2,0,KitKat,KitKat,Kita,KitKat,2,0,2,0
59,53,0,0,Nexus,Nexus,Nexus,Nexus,0,0,0,0
59,54,0,0,5,5,5,5,0,0,0,0
60,4,0,0,mobil,mobil,mobil,mobil,0,0,0,0
60,6,4,1,community,Community,Kommunität,community,3,1,3,1
61,0,0,0,Benutzen,Benutzen,Benutzen,Benutzen,0,0,0,0
61,7,0,0,Bildleiste,Bildleiste,Bildleiste,Bildleiste,0,0,0,0
61,9,0,0,Artikeldetail,Artikeldetail,Artikeldetail,Artikeldetail,0,0,0,0
61,14,0,0,mobilen,mobilen,mobilen,mobilen,0,0,0,0
61,15,0,0,Website,Website,Website,Website,0,0,0,0
61,16,0,0,als,als,als,als,0,0,0,0
61,22,0,0,drücken,drücken,drücken,drücken,0,0,0,0
61,26,0,0,rote,rote,rote,rote,0,0,0,0
61,27,0,0,Sprechblase,Sprechblase,Sprechblase,Sprechblase,0,0,0,0
61,31,2,0,Toolbar,Toolbar,Tool bar,Toolbar,1,0,1,0
62,0,3,0,Soabald,Soabald,Sobald,Sobald,1,1,1,0
62,3,0,0,einloggen,einloggen,einloggen,einloggen,0,0,0,0
62,8,0,0,Um,Um,Um,Um,0,0,0,0
62,10,0,0,Funktion,Funktion,Funktion,Funktion,0,0,0,0
62,19,0,0,aus,aus,aus,aus,0,0,0,0
62,21,2,0,Play,Play,Pley,Play,1,0,1,0
62,22,2,0,Store,Store,Sorte,Store,2,0,2,0
62,23,0,0,-->,-->,-->,-->,0,0,0,0
62,28,0,0,am,am,am,am,0,0,0,0
62,29,0,0,aktuellen,aktuellen,aktuellen,aktuellen,0,0,0,0
62,30,0,1,STand,Stand,Stand,Stand,0,0,0,1
63,0,4,1,posts,Posts,Mosts,posts,1,1,1,1
63,2,0,0,Konto,Konto,Konto,Konto,0,0,0,0
63,5,0,0,gute,gute,gute,gute,0,0,0,0
63,6,0,0,Erweiterung,Erweiterung,Erweiterung,Erweiterung,0,0,0,0
64,0,0,0,Unbedingt,Unbedingt,Unbedingt,Unbedingt,0,0,0,0
64,1,0,0,umsetzen,umsetzen,umsetzen,umsetzen,0,0,0,0
65,1,0,0,wieso,wieso,wieso,wieso,0,0,0,0
65,5,0,0,Kulturnewsletter,Kulturnewsletter,Kulturnewsletter,Kulturnewsletter,0,0,0,0
65,6,0,0,Interessiert,Interessiert,Interessiert,Interessiert,0,0,0,0
65,8,0,0,sonst,sonst,sonst,sonst,0,0,0,0
65,9,0,0,niemanden,niemanden,niemanden,niemanden,0,0,0,0
66,1,0,0,User,User,User,User,0,0,0,0
66,4,0,0,soeben,soeben,soeben,soeben,0,0,0,0
66,12,2,0,Playstore,Playstore,Plastome,Playstore,2,0,2,0
66,13,0,0,hochgeladen,hochgeladen,hochgeladen,hochgeladen,0,0,0,0
66,15,0,0,Versionsnummer,Versionsnummer,Versionsnummer,Versionsnummer,0,0,0,0
66,19,0,0,2,2,2,2,0,0,0,0
66,22,0,0,wurden,wurden,wurden,wurden,0,0,0,0
66,25,0,0,asynchrones,asynchrones,asynchrones,asynchrones,0,0,0,0
66,26,0,0,Ladeverhalten,Ladeverhalten,Ladeverhalten,Ladeverhalten,0,0,0,0
66,27,0,0,Stabilität,Stabilität,Stabilität,Stabilität,0,0,0,0
66,28,2,1,etc,etc.,et,etc.,2,0,2,1
66,29,0,0,sowie,sowie,sowie,sowie,0,0,0,0
66,31,0,0,lästige,lästige,lästige,lästige,0,0,0,0
66,32,0,0,Anmeldeproblem,Anmeldeproblem,Anmeldeproblem,Anmeldeproblem,0,0,0,0
66,34,1,0,Android-Versionen,Android-Versionen,Android-Versionen,Androide,0,9,0,0
66,35,4,0,&gt,&gt,ggT,gut,2,2,2,0
66,36,0,0,=,=,=,=,0,0,0,0
66,39,0,0,behoben,behoben,behoben,behoben,0,0,0,0
67,3,3,0,Möglivhkeit,Möglivhkeit,Möglichkeit,Möglichkeit,1,1,1,0
67,9,0,0,Desktop-Version,Desktop-Version,Desktop-Version,Desktop-Version,0,0,0,0
67,14,0,0,Samsung,Samsung,Samsung,Samsung,0,0,0,0
67,15,0,0,12,12,12,12,0,0,0,0
67,17,0,0,werde,werde,werde,werde,0,0,0,0
67,22,0,0,mobile,mobile,mobile,mobile,0,0,0,0
67,23,0,0,Seite,Seite,Seite,Seite,0,0,0,0
67,24,0,0,umgeleitet,umgeleitet,umgeleitet,umgeleitet,0,0,0,0
67,28,2,0,Chrome,Chrome,Chrom,Chrome,1,0,1,0
67,31,0,0,ausgewählt,ausgewählt,ausgewählt,ausgewählt,0,0,0,0
68,1,3,1,für's,für das,fürs,fürs,3,3,3,3
68,6,2,0,Ausschliessungsgrund,Ausschliessungsgrund,Schließungsgrund,Ausschliessungsgrund,6,0,6,0
69,0,4,0,tztz,tztz,jetzt,Titz,3,2,3,0
70,2,0,0,vorwärts,vorwärts,vorwärts,vorwärts,0,0,0,0
70,3,1,1,button,Button,Button,button,0,1,0,1
70,9,3,1,ENDE,Ende,ENDE,ENDE,3,3,3,3
70,11,0,0,Artikels,Artikels,Artikels,Artikels,0,0,0,0
70,13,2,0,'zurück,'zurück,zurück,'zurück,1,0,1,0
70,15,1,1,Artikel',Artikel,Artikel,Artikel',0,1,0,1
72,0,0,0,Wieso,Wieso,Wieso,Wieso,0,0,0,0
72,2,0,0,manchmal,manchmal,manchmal,manchmal,0,0,0,0
72,4,0,0,Link,Link,Link,Link,0,0,0,0
72,7,0,0,Artikel,Artikel,Artikel,Artikel,0,0,0,0
72,13,0,0,geöffnet,geöffnet,geöffnet,geöffnet,0,0,0,0
73,1,0,0,schätze,schätze,schätze,schätze,0,0,0,0
73,10,0,0,daher,daher,daher,daher,0,0,0,0
73,13,0,0,installieren,installieren,installieren,installieren,0,0,0,0
73,19,0,0,dafür,dafür,dafür,dafür,0,0,0,0
73,20,0,0,spricht,spricht,spricht,spricht,0,0,0,0
73,26,0,0,Seiten,Seiten,Seiten,Seiten,0,0,0,0
73,28,3,1,APP,App,APP,APP,2,2,2,2
73,29,0,0,bevorzuge,bevorzuge,bevorzuge,bevorzuge,0,0,0,0
73,32,0,0,Handy,Handy,Handy,Handy,0,0,0,0
73,35,3,1,Dritten,dritten,Dritten,Dritten,1,1,1,1
73,36,0,0,Programmen,Programmen,Programmen,Programmen,0,0,0,0
73,37,0,1,überfracbten,überfrachten,überfrachten,überfrachten,0,0,0,1
74,0,0,0,Für,Für,Für,Für,0,0,0,0
74,6,0,0,gemacht,gemacht,gemacht,gemacht,0,0,0,0
74,7,0,0,worden,worden,worden,worden,0,0,0,0
75,4,0,0,dreht,dreht,dreht,dreht,0,0,0,0
75,13,0,0,somit,somit,somit,somit,0,0,0,0
75,16,0,0,unbrauchbar,unbrauchbar,unbrauchbar,unbrauchbar,0,0,0,0
76,0,3,0,rss,rss,riss,riss,1,1,1,0
76,1,3,0,gibts,gibts,gibst,gibst,2,2,2,0
76,4,2,0,at/,at/,AT,at/,3,0,3,0
76,5,0,0,id=1850853,id=1850853,id=1850853,id=1850853,0,0,0,0
77,4,0,0,ganz,ganz,ganz,ganz,0,0,0,0
77,5,0,0,schön,schön,schön,schön,0,0,0,0
77,6,0,0,erleichtert,erleichtert,erleichtert,erleichtert,0,0,0,0
77,8,0,0,froh,froh,froh,froh,0,0,0,0
78,0,0,0,Warum,Warum,Warum,Warum,0,0,0,0
78,7,0,0,Wetterbereich,Wetterbereich,Wetterbereich,Wetterbereich,0,0,0,0
78,11,0,0,einfach,einfach,einfach,einfach,0,0,0,0
78,14,0,0,dämlich,dämlich,dämlich,dämlich,0,0,0,0
79,0,0,0,Kann,Kann,Kann,Kann,0,0,0,0
79,2,0,0,irgendwo,irgendwo,irgendwo,irgendwo,0,0,0,0
79,5,0,0,einsehen,einsehen,einsehen,einsehen,0,0,0,0
80,1,1,1,app,App,App,app,0,1,0,1
80,2,0,0,bringt,bringt,bringt,bringt,0,0,0,0
80,4,0,0,Inhalte,Inhalte,Inhalte,Inhalte,0,0,0,0
80,10,3,1,Rüber,rüber,Rüber,Rüber,1,1,1,1
80,11,0,0,Vorteil,Vorteil,Vorteil,Vorteil,0,0,0,0
80,15,0,0,eigenen,eigenen,eigenen,eigenen,0,0,0,0
80,17,0,0,zurückgreifen,zurückgreifen,zurückgreifen,zurückgreifen,0,0,0,0
81,6,0,1,ansichtssache,Ansichtssache,Ansichtssache,Ansichtssache,0,0,0,1
81,7,0,0,anschauen,anschauen,anschauen,anschauen,0,0,0,0
81,8,4,1,bsp,Bsp.,Bsp,BSP,1,3,1,2
81,9,0,0,Rezepte,Rezepte,Rezepte,Rezepte,0,0,0,0
81,11,0,0,Bilder,Bilder,Bilder,Bilder,0,0,0,0
81,14,0,0,geladen,geladen,geladen,geladen,0,0,0,0
81,15,0,0,verwende,verwende,verwende,verwende,0,0,0,0
81,16,1,1,nexus,Nexus,Nexus,nexus,0,1,0,1
82,0,0,0,Ziemlich,Ziemlich,Ziemlich,Ziemlich,0,0,0,0
82,1,0,0,blöd,blöd,blöd,blöd,0,0,0,0
82,9,4,1,liveticker,Liveticker,verklicker,live Ticker,5,3,5,1
82,10,0,0,unterstützt,unterstützt,unterstützt,unterstützt,0,0,0,0
82,11,0,0,Hat,Hat,Hat,Hat,0,0,0,0
82,14,0,0,Potenzial,Potenzial,Potenzial,Potenzial,0,0,0,0
83,0,4,1,<Lob>Ich,<Lob> Ich,Lobberich,<Lob>Ich,5,1,5,1
83,4,0,0,inzwischen,inzwischen,inzwischen,inzwischen,0,0,0,0
83,10,0,0,beinahe,beinahe,beinahe,beinahe,0,0,0,0
83,11,3,0,ausschliesslich,ausschliesslich,ausschließlich,ausschließlich,2,2,2,0
83,12,0,0,</Lob>,</Lob>,</Lob>,</Lob>,0,0,0,0
84,0,0,0,Bereits,Bereits,Bereits,Bereits,0,0,0,0
84,1,0,0,umgesetzt,umgesetzt,umgesetzt,umgesetzt,0,0,0,0
84,9,0,0,Ende,Ende,Ende,Ende,0,0,0,0
84,14,0,0,Weg,Weg,Weg,Weg,0,0,0,0
84,15,0,0,zurück,zurück,zurück,zurück,0,0,0,0
86,2,0,0,Beschreibung,Beschreibung,Beschreibung,Beschreibung,0,0,0,0
86,5,0,0,reproduzieren,reproduzieren,reproduzieren,reproduzieren,0,0,0,0
86,6,0,0,Tritt,Tritt,Tritt,Tritt,0,0,0,0
87,3,0,0,dabei,dabei,dabei,dabei,0,0,0,0
87,8,2,0,Livetickers,Livetickers,Verklicker,Livetickers,6,0,6,0
87,11,0,0,konzipieren,konzipieren,konzipieren,konzipieren,0,0,0,0
87,17,0,0,Apps,Apps,Apps,Apps,0,0,0,0
87,18,0,0,berücksichtigen,berücksichtigen,berücksichtigen,berücksichtigen,0,0,0,0
88,0,0,0,Erhalte,Erhalte,Erhalte,Erhalte,0,0,0,0
88,3,0,0,Zertifikatsfehler,Zertifikatsfehler,Zertifikatsfehler,Zertifikatsfehler,0,0,0,0
88,5,0,0,vorgehen,vorgehen,vorgehen,vorgehen,0,0,0,0
88,6,0,0,Oder,Oder,Oder,Oder,0,0,0,0
88,7,0,0,liegt,liegt,liegt,liegt,0,0,0,0
88,11,0,0,Ihnen,Ihnen,Ihnen,Ihnen,0,0,0,0
89,1,0,0,komme,komme,komme,komme,0,0,0,0
89,4,0,0,meiner,meiner,meiner,meiner,0,0,0,0
89,5,4,1,postinguebersicht,Postingübersicht,postgeschichtlich,postinguebersicht,12,3,12,3
90,1,2,0,Postingübersicht,Postingübersicht,Postsingübersicht,Postingübersicht,1,0,1,0
90,6,2,0,Userprofil,Userprofil,Uferprofil,Userprofil,1,0,1,0
90,7,2,0,https,https,http,https,1,0,1,0
90,9,4,0,at/userprofil/,at/userprofil/,Rauheitsprofil,atz,8,12,8,0
90,10,0,0,dieses,dieses,dieses,dieses,0,0,0,0
90,12,0,0,allerdings,allerdings,allerdings,allerdings,0,0,0,0
90,20,0,0,verfügbar,verfügbar,verfügbar,verfügbar,0,0,0,0
91,0,0,0,ha,ha,ha,ha,0,0,0,0
91,1,0,0,hab,hab,hab,hab,0,0,0,0
91,5,0,0,gesucht,gesucht,gesucht,gesucht,0,0,0,0
91,7,0,0,eindeutig,eindeutig,eindeutig,eindeutig,0,0,0,0
91,10,1,1,mobilversion,Mobilversion,Mobilversion,mobil Version,0,3,0,1
91,19,2,0,to,to,tot,to,1,0,1,0
91,20,4,1,do-liste,To-Do-Liste,so-liste,do-liste,5,5,5,5
93,2,0,0,ärgerlich,ärgerlich,ärgerlich,ärgerlich,0,0,0,0
94,4,4,1,push,Push,pushe,push,2,1,2,1
94,5,0,0,Meldungen,Meldungen,Meldungen,Meldungen,0,0,0,0
94,6,0,0,deaktivieren,deaktivieren,deaktivieren,deaktivieren,0,0,0,0
95,2,2,0,Push-Mitteilungen,Push-Mitteilungen,Bush-Mitteilungen,Push-Mitteilungen,1,0,1,0
95,6,0,0,nutzen,nutzen,nutzen,nutzen,0,0,0,0
95,7,0,0,wechseln,wechseln,wechseln,wechseln,0,0,0,0
95,12,0,0,Einstellungen,Einstellungen,Einstellungen,Einstellungen,0,0,0,0
95,13,0,0,wählen,wählen,wählen,wählen,0,0,0,0
95,15,0,0,Inhalt,Inhalt,Inhalt,Inhalt,0,0,0,0
95,18,0,0,gelangen,gelangen,gelangen,gelangen,0,0,0,0
95,22,0,0,speziellen,speziellen,speziellen,speziellen,0,0,0,0
95,25,0,0,Benachrichtigungen,Benachrichtigungen,Benachrichtigungen,Benachrichtigungen,0,0,0,0
95,26,0,0,Dort,Dort,Dort,Dort,0,0,0,0
95,30,0,0,Firefox,Firefox,Firefox,Firefox,0,0,0,0
95,32,0,0,alle,alle,alle,alle,0,0,0,0
95,35,0,0,Mich,Mich,Mich,Mich,0,0,0,0
95,37,0,0,stören,stören,stören,stören,0,0,0,0
95,38,0,0,auswählen,auswählen,auswählen,auswählen,0,0,0,0
95,42,0,1,derStandard,der Standard,der Standard,der Standard,0,0,0,1
95,47,0,0,entfernen,entfernen,entfernen,entfernen,0,0,0,0
95,49,0,0,ausführlichere,ausführlichere,ausführlichere,ausführlichere,0,0,0,0
95,52,2,0,Push-Mitteilung-Service,Push-Mitteilung-Service,Bush-Mitteilung-Service,Push-Mitteilung-Service,1,0,1,0
95,54,0,0,Screenshots,Screenshots,Screenshots,Screenshots,0,0,0,0
95,60,0,0,at/2000030642258/Eiltmeldungen-und-wichtige-Ereignisse-als-Push-Mitteilung-von-derStandardat,at/2000030642258/Eiltmeldungen-und-wichtige-Ereignisse-als-Push-Mitteilung-von-derStandardat,at/2000030642258/Eiltmeldungen-und-wichtige-Ereignisse-als-Push-Mitteilung-von-derStandardat,at/2000030642258/Eiltmeldungen-und-wichtige-Ereignisse-als-Push-Mitteilung-von-derStandardat,0,0,0,0
96,1,0,0,größte,größte,größte,größte,0,0,0,0
96,2,0,0,Herausforderung,Herausforderung,Herausforderung,Herausforderung,0,0,0,0
96,5,0,0,Reißbrett,Reißbrett,Reißbrett,Reißbrett,0,0,0,0
96,7,3,1,Geometrisch,geometrisch,Geometrisch,Geometrisch,1,1,1,1
96,8,0,0,Zeichnen,Zeichnen,Zeichnen,Zeichnen,0,0,0,0
96,10,0,0,Linkshänder,Linkshänder,Linkshänder,Linkshänder,0,0,0,0
96,18,0,0,geschenkt,geschenkt,geschenkt,geschenkt,0,0,0,0
97,0,0,0,Oh,Oh,Oh,Oh,0,0,0,0
97,4,0,0,Kultur-Newsletter,Kultur-Newsletter,Kultur-Newsletter,Kultur-Newsletter,0,0,0,0
97,6,0,0,echt,echt,echt,echt,0,0,0,0
97,12,3,0,anschliessen,anschliessen,anschließen,anschließen,2,2,2,0
98,0,0,0,Beste,Beste,Beste,Beste,0,0,0,0
98,4,4,0,Mit-Lefties,Mit-Lefties,Mit-Softies,Luftiges,2,6,2,0
98,6,0,0,Erde,Erde,Erde,Erde,0,0,0,0
98,9,0,0,Nicht-Erde,Nicht-Erde,Nicht-Erde,Nicht-Erde,0,0,0,0
98,10,0,0,Erfahrungen,Erfahrungen,Erfahrungen,Erfahrungen,0,0,0,0
98,11,0,0,#,#,#,#,0,0,0,0
98,12,0,0,wirkliche,wirkliche,wirkliche,wirkliche,0,0,0,0
98,13,0,0,Probleme,Probleme,Probleme,Probleme,0,0,0,0
98,15,0,0,eindrücklich,eindrücklich,eindrücklich,eindrücklich,0,0,0,0
98,17,0,0,Kind,Kind,Kind,Kind,0,0,0,0
98,18,4,1,zB,z.B.,dB,zu,3,3,3,2
98,20,2,0,Werken/Basteln,Werken/Basteln,Bewerkstelligen,Werken/Basteln,11,0,11,0
98,24,0,0,bestimmte,bestimmte,bestimmte,bestimmte,0,0,0,0
98,25,0,0,Scheren,Scheren,Scheren,Scheren,0,0,0,0
98,28,0,0,z,z,z,z,0,0,0,0
98,29,0,0,B,B,B,B,0,0,0,0
98,34,0,0,Hand,Hand,Hand,Hand,0,0,0,0
98,35,0,0,weh,weh,weh,weh,0,0,0,0
98,39,0,0,gehalten,gehalten,gehalten,gehalten,0,0,0,0
98,43,0,0,reißen,reißen,reißen,reißen,0,0,0,0
98,45,0,0,schneiden,schneiden,schneiden,schneiden,0,0,0,0
98,48,0,0,eindrücklichste,eindrücklichste,eindrücklichste,eindrücklichste,0,0,0,0
98,49,0,0,Erlebnis,Erlebnis,Erlebnis,Erlebnis,0,0,0,0
98,52,0,0,paar,paar,paar,paar,0,0,0,0
98,53,0,0,Jahre,Jahre,Jahre,Jahre,0,0,0,0
98,54,0,0,her,her,her,her,0,0,0,0
98,57,2,0,Café-Lokation,Café-Lokation,Café-Lokution,Café-Lokation,1,0,1,0
98,60,0,0,Wiener,Wiener,Wiener,Wiener,0,0,0,0
98,61,1,0,Währinger,Währinger,Währinger,Währ Inger,0,2,0,0
98,62,0,0,Straße,Straße,Straße,Straße,0,0,0,0
98,66,0,0,Melange,Melange,Melange,Melange,0,0,0,0
98,69,0,0,Tasse,Tasse,Tasse,Tasse,0,0,0,0
98,70,0,0,serviert,serviert,serviert,serviert,0,0,0,0
98,71,0,0,deren,deren,deren,deren,0,0,0,0
98,72,0,0,ergonomisch,ergonomisch,ergonomisch,ergonomisch,0,0,0,0
98,73,2,0,schiefer/geschwungener,schiefer/geschwungener,hinuntergeschwungen,schiefer/geschwungener,9,0,9,0
98,74,0,0,Griff,Griff,Griff,Griff,0,0,0,0
98,77,0,0,rechte,rechte,rechte,rechte,0,0,0,0
98,79,0,0,wohl,wohl,wohl,wohl,0,0,0,0
98,81,0,0,gut,gut,gut,gut,0,0,0,0
98,82,0,0,passt,passt,passt,passt,0,0,0,0
98,91,4,0,Häferl,Häferl,Schäfer,Hafer,4,2,4,0
98,92,0,0,dadurch,dadurch,dadurch,dadurch,0,0,0,0
98,94,0,0,praktisch,praktisch,praktisch,praktisch,0,0,0,0
98,96,0,0,halten,halten,halten,halten,0,0,0,0
98,99,0,0,Sporteln,Sporteln,Sporteln,Sporteln,0,0,0,0
98,102,0,0,Lefty-tum,Lefty-tum,Lefty-tum,Lefty-tum,0,0,0,0
99,0,0,0,Eben,Eben,Eben,Eben,0,0,0,0
99,2,0,0,Erfahrung,Erfahrung,Erfahrung,Erfahrung,0,0,0,0
99,3,0,0,wollte,wollte,wollte,wollte,0,0,0,0
99,6,0,0,teilen,teilen,teilen,teilen,0,0,0,0
99,7,0,0,Diese,Diese,Diese,Diese,0,0,0,0
99,8,0,0,herrlich,herrlich,herrlich,herrlich,0,0,0,0
99,9,0,0,geschwungenen,geschwungenen,geschwungenen,geschwungenen,0,0,0,0
99,10,0,0,Tassen,Tassen,Tassen,Tassen,0,0,0,0
99,11,0,0,fühlen,fühlen,fühlen,fühlen,0,0,0,0
99,15,0,0,leichten,leichten,leichten,leichten,0,0,0,0
99,16,0,0,Gefühl,Gefühl,Gefühl,Gefühl,0,0,0,0
99,18,0,0,Menschseins,Menschseins,Menschseins,Menschseins,0,0,0,0
99,20,0,0,Klasse,Klasse,Klasse,Klasse,0,0,0,0
99,24,0,0,deshalb,deshalb,deshalb,deshalb,0,0,0,0
99,29,0,0,passieren,passieren,passieren,passieren,0,0,0,0
99,33,0,0,Kellner,Kellner,Kellner,Kellner,0,0,0,0
99,35,0,0,Aufnahme,Aufnahme,Aufnahme,Aufnahme,0,0,0,0
99,37,0,0,Bestellung,Bestellung,Bestellung,Bestellung,0,0,0,0
99,38,0,0,nachfragt,nachfragt,nachfragt,nachfragt,0,0,0,0
99,39,0,0,Links-,Links-,Links-,Links-,0,0,0,0
99,41,0,0,Rechtshänder,Rechtshänder,Rechtshänder,Rechtshänder,0,0,0,0
99,43,0,0,Klavierspielen,Klavierspielen,Klavierspielen,Klavierspielen,0,0,0,0
99,44,0,0,Erschien,Erschien,Erschien,Erschien,0,0,0,0
99,46,0,0,relativ,relativ,relativ,relativ,0,0,0,0
99,47,0,0,aufwändig,aufwändig,aufwändig,aufwändig,0,0,0,0
99,49,0,0,gespiegeltes,gespiegeltes,gespiegeltes,gespiegeltes,0,0,0,0
99,50,0,0,Klavier,Klavier,Klavier,Klavier,0,0,0,0
99,51,0,0,anfertigen,anfertigen,anfertigen,anfertigen,0,0,0,0
99,59,0,0,durchs,durchs,durchs,durchs,0,0,0,0
99,60,3,0,Linkshändersein,Linkshändersein,Linkshänder sein,Linkshänder sein,1,1,1,0
99,63,0,0,anderer,anderer,anderer,anderer,0,0,0,0
99,64,0,0,Stil,Stil,Stil,Stil,0,0,0,0
99,65,0,0,entsteht,entsteht,entsteht,entsteht,0,0,0,0
99,67,3,1,bild,bilde,Bild,Bild,2,2,2,1
99,70,0,0,zumindest,zumindest,zumindest,zumindest,0,0,0,0
100,2,0,0,schreib,schreib,schreib,schreib,0,0,0,0
100,4,0,0,rechts,rechts,rechts,rechts,0,0,0,0
100,10,0,0,Handbewegungen,Handbewegungen,Handbewegungen,Handbewegungen,0,0,0,0
100,12,0,0,flüssig,flüssig,flüssig,flüssig,0,0,0,0
100,13,4,0,Ausser,Ausser,Aussee,Außer,1,2,1,0
100,14,4,1,wenn's,wenn es,Wendens,wenn's,4,2,4,2
100,19,1,1,nehm',nehme,nehme,Nehm,0,2,0,1
100,28,0,0,Computer,Computer,Computer,Computer,0,0,0,0
100,31,0,0,gern,gern,gern,gern,0,0,0,0
100,36,0,0,spiegeln,spiegeln,spiegeln,spiegeln,0,0,0,0
100,40,0,0,Rotieren,Rotieren,Rotieren,Rotieren,0,0,0,0
100,41,0,0,bekommt,bekommt,bekommt,bekommt,0,0,0,0
100,46,0,0,Schriftbewegung,Schriftbewegung,Schriftbewegung,Schriftbewegung,0,0,0,0
100,56,0,0,stehen,stehen,stehen,stehen,0,0,0,0
100,58,0,0,Kopf,Kopf,Kopf,Kopf,0,0,0,0
101,6,0,0,glaube,glaube,glaube,glaube,0,0,0,0
101,9,2,0,gewissenmaßen,gewissenmaßen,gewissermaßen,gewissenmaßen,1,0,1,0
101,11,0,0,Gehirn,Gehirn,Gehirn,Gehirn,0,0,0,0
101,12,0,0,anregt,anregt,anregt,anregt,0,0,0,0
101,14,0,0,halte,halte,halte,halte,0,0,0,0
101,18,0,0,Gabel,Gabel,Gabel,Gabel,0,0,0,0
101,21,0,0,Löffel,Löffel,Löffel,Löffel,0,0,0,0
101,27,0,0,Messer,Messer,Messer,Messer,0,0,0,0
101,30,0,0,Rechte,Rechte,Rechte,Rechte,0,0,0,0
101,32,0,0,h,h,h,h,0,0,0,0
101,37,0,0,schneller,schneller,schneller,schneller,0,0,0,0
101,38,0,0,besser,besser,besser,besser,0,0,0,0
101,39,0,0,Essen,Essen,Essen,Essen,0,0,0,0
101,40,0,0,gelernt,gelernt,gelernt,gelernt,0,0,0,0
101,45,0,0,Bewegung,Bewegung,Bewegung,Bewegung,0,0,0,0
101,47,0,0,Mund,Mund,Mund,Mund,0,0,0,0
101,48,0,0,beherrschte,beherrschte,beherrschte,beherrschte,0,0,0,0
101,52,0,0,Schneiden,Schneiden,Schneiden,Schneiden,0,0,0,0
101,57,0,0,verstehe,verstehe,verstehe,verstehe,0,0,0,0
101,66,0,0,lache,lache,lache,lache,0,0,0,0
101,68,0,0,innerlich,innerlich,innerlich,innerlich,0,0,0,0
101,70,0,0,krumm,krumm,krumm,krumm,0,0,0,0
101,74,0,0,amerikanischen,amerikanischen,amerikanischen,amerikanischen,0,0,0,0
101,75,0,0,Kollegen,Kollegen,Kollegen,Kollegen,0,0,0,0
101,78,0,0,treffe,treffe,treffe,treffe,0,0,0,0
101,80,0,0,mühsam,mühsam,mühsam,mühsam,0,0,0,0
101,83,0,0,kleinschneiden,kleinschneiden,kleinschneiden,kleinschneiden,0,0,0,0
101,91,3,1,Links,links,Links,Links,1,1,1,1
101,92,3,0,nacht,nacht,Nacht,Nacht,1,1,1,0
101,93,3,1,Rechts,rechts,Rechts,Rechts,1,1,1,1
101,96,0,0,fördert,fördert,fördert,fördert,0,0,0,0
101,99,0,0,Meinung,Meinung,Meinung,Meinung,0,0,0,0
101,101,0,0,Kreativität,Kreativität,Kreativität,Kreativität,0,0,0,0
101,103,3,0,Flexibiltät,Flexibiltät,Flexibilität,Flexibilität,1,1,1,0
101,104,0,0,ungemein,ungemein,ungemein,ungemein,0,0,0,0
102,4,0,0,naturgemäß,naturgemäß,naturgemäß,naturgemäß,0,0,0,0
102,6,0,0,wenig,wenig,wenig,wenig,0,0,0,0
102,9,0,0,Gitarre,Gitarre,Gitarre,Gitarre,0,0,0,0
102,12,0,0,Links,Links,Links,Links,0,0,0,0
102,13,4,0,gepannt,gepannt,gespannt,gepinnt,1,1,1,0
102,14,0,0,Auf,Auf,Auf,Auf,0,0,0,0
102,16,0,0,Snowboard,Snowboard,Snowboard,Snowboard,0,0,0,0
102,17,0,0,stehe,stehe,stehe,stehe,0,0,0,0
102,19,4,0,goofy,goofy,googel,Goofy,3,1,3,0
102,20,0,0,Tippen,Tippen,Tippen,Tippen,0,0,0,0
102,23,0,0,Smartphone,Smartphone,Smartphone,Smartphone,0,0,0,0
102,24,0,0,Ziffernblock,Ziffernblock,Ziffernblock,Ziffernblock,0,0,0,0
102,29,0,0,Dafür,Dafür,Dafür,Dafür,0,0,0,0
102,35,0,0,sieht,sieht,sieht,sieht,0,0,0,0
102,40,0,1,Volksshule,Volksschule,Volksschule,Volksschule,0,0,0,1
103,3,0,0,seltsamerweise,seltsamerweise,seltsamerweise,seltsamerweise,0,0,0,0
103,4,3,1,zähne,Zähne,zähne,zähne,1,1,1,1
103,5,0,0,putzen,putzen,putzen,putzen,0,0,0,0
103,6,0,0,obwohl,obwohl,obwohl,obwohl,0,0,0,0
103,8,0,1,zahnbürste,Zahnbürste,Zahnbürste,Zahnbürste,0,0,0,1
103,12,0,0,spezifisch,spezifisch,spezifisch,spezifisch,0,0,0,0
103,13,0,0,rechter,rechter,rechter,rechter,0,0,0,0
103,14,2,1,gegenstand,Gegenstand,gegen stand,Gegenstand,2,0,2,1
103,16,3,1,tu,tue,tu,tu,1,1,1,1
103,21,0,1,hand,Hand,Hand,Hand,0,0,0,1
103,35,1,1,flipchart,Flipchart,Flipchart,Flip Chart,0,2,0,1
103,38,2,1,tafel,Tafel,tafel,Tafel,1,0,1,1
103,41,0,0,zwei,zwei,zwei,zwei,0,0,0,0
103,42,3,1,stifte,Stifte,stifte,stifte,1,1,1,1
103,47,0,0,zeichne,zeichne,zeichne,zeichne,0,0,0,0
103,56,0,0,beschrifte,beschrifte,beschrifte,beschrifte,0,0,0,0
104,0,0,0,Andere,Andere,Andere,Andere,0,0,0,0
104,1,0,0,Sachen,Sachen,Sachen,Sachen,0,0,0,0
104,8,0,0,essen,essen,essen,essen,0,0,0,0
104,9,0,0,gehen,gehen,gehen,gehen,0,0,0,0
104,15,2,0,stricken/häkeln,stricken/häkeln,Strichdicken,stricken/häkeln,8,0,8,0
104,18,0,0,1988,1988,1988,1988,0,0,0,0
104,20,0,0,Volksschulhandarbeitslehrerin,Volksschulhandarbeitslehrerin,Volksschulhandarbeitslehrerin,Volksschulhandarbeitslehrerin,0,0,0,0
104,22,0,0,selten,selten,selten,selten,0,0,0,0
104,23,0,0,blöde,blöde,blöde,blöde,0,0,0,0
104,24,0,0,Kuh,Kuh,Kuh,Kuh,0,0,0,0
104,26,0,0,geweigert,geweigert,geweigert,geweigert,0,0,0,0
104,30,0,0,falsch,falsch,falsch,falsch,0,0,0,0
104,31,2,0,rum,rum,Rum,rum,1,0,1,0
104,32,0,0,beizubringen,beizubringen,beizubringen,beizubringen,0,0,0,0
104,35,0,0,wenigen,wenigen,wenigen,wenigen,0,0,0,0
104,36,0,0,Gelegenheiten,Gelegenheiten,Gelegenheiten,Gelegenheiten,0,0,0,0
104,40,0,0,sanftmütige,sanftmütige,sanftmütige,sanftmütige,0,0,0,0
104,41,0,0,Mutter,Mutter,Mutter,Mutter,0,0,0,0
104,42,0,0,jemandem,jemandem,jemandem,jemandem,0,0,0,0
104,44,0,0,Marsch,Marsch,Marsch,Marsch,0,0,0,0
104,45,0,0,geblasen,geblasen,geblasen,geblasen,0,0,0,0
104,51,0,0,1950ern,1950ern,1950ern,1950ern,0,0,0,0
104,54,0,0,Gewalt,Gewalt,Gewalt,Gewalt,0,0,0,0
104,55,0,0,umerzogen,umerzogen,umerzogen,umerzogen,0,0,0,0
104,61,1,1,Handi,Hand,Hand,Handi,0,1,0,1
104,62,0,0,schwer,schwer,schwer,schwer,0,0,0,0
104,63,0,0,sensibel,sensibel,sensibel,sensibel,0,0,0,0
104,67,0,0,So,So,So,So,0,0,0,0
104,69,2,0,Rechtshänderhäferl,Rechtshänderhäferl,Rechtshänder,Rechtshänderhäferl,6,0,6,0
104,70,4,0,kriegert,kriegert,Krieger,krieget,2,1,2,0
104,74,0,0,geschmissen,geschmissen,geschmissen,geschmissen,0,0,0,0
104,81,0,0,Töchter,Töchter,Töchter,Töchter,0,0,0,0
104,86,0,0,leichter,leichter,leichter,leichter,0,0,0,0
104,88,0,0,lernen,lernen,lernen,lernen,0,0,0,0
104,92,0,0,Basteln,Basteln,Basteln,Basteln,0,0,0,0
104,97,0,0,teurere,teurere,teurere,teurere,0,0,0,0
104,98,0,0,Extraanfertigungen,Extraanfertigungen,Extraanfertigungen,Extraanfertigungen,0,0,0,0
104,99,0,0,brauchen,brauchen,brauchen,brauchen,0,0,0,0
104,103,0,0,speziell,speziell,speziell,speziell,0,0,0,0
104,108,0,0,mühsamer,mühsamer,mühsamer,mühsamer,0,0,0,0
105,2,0,0,Linkshändigkeit,Linkshändigkeit,Linkshändigkeit,Linkshändigkeit,0,0,0,0
106,1,0,0,Klingen,Klingen,Klingen,Klingen,0,0,0,0
106,3,0,0,präzises,präzises,präzises,präzises,0,0,0,0
106,7,4,1,Rechtshändrschere,Rechtshänderschere,Rechtshänder,Rechtshändrschere,6,1,6,1
106,12,0,0,schwierig,schwierig,schwierig,schwierig,0,0,0,0
106,16,0,0,Schnittkante,Schnittkante,Schnittkante,Schnittkante,0,0,0,0
106,19,0,0,oberen,oberen,oberen,oberen,0,0,0,0
106,20,0,0,Klinge,Klinge,Klinge,Klinge,0,0,0,0
106,21,0,0,verdeckt,verdeckt,verdeckt,verdeckt,0,0,0,0
107,6,0,0,Sagen,Sagen,Sagen,Sagen,0,0,0,0
107,9,0,0,Faymann,Faymann,Faymann,Faymann,0,0,0,0
107,11,0,0,unser,unser,unser,unser,0,0,0,0
107,12,2,0,HBP,HBP,HBF,HBP,1,0,1,0
107,20,0,0,Bürokollegen,Bürokollegen,Bürokollegen,Bürokollegen,0,0,0,0
107,24,0,0,Weißglut,Weißglut,Weißglut,Weißglut,0,0,0,0
107,25,0,0,treiben,treiben,treiben,treiben,0,0,0,0
107,29,0,0,Maus,Maus,Maus,Maus,0,0,0,0
107,34,0,0,legt,legt,legt,legt,0,0,0,0
107,39,0,0,Tasten,Tasten,Tasten,Tasten,0,0,0,0
107,40,0,0,verdreht,verdreht,verdreht,verdreht,0,0,0,0
107,41,0,0,Der,Der,Der,Der,0,0,0,0
107,42,2,0,Servicedesk,Servicedesk,Servicedeck,Servicedesk,1,0,1,0
107,44,0,0,Firma,Firma,Firma,Firma,0,0,0,0
107,45,0,0,sitzt,sitzt,sitzt,sitzt,0,0,0,0
107,47,0,0,Indien,Indien,Indien,Indien,0,0,0,0
107,48,0,0,verzweifelt,verzweifelt,verzweifelt,verzweifelt,0,0,0,0
107,53,0,0,Desktop,Desktop,Desktop,Desktop,0,0,0,0
107,56,4,0,ausser,ausser,außer,Außer,2,3,2,0
107,58,0,0,Kontextmenü,Kontextmenü,Kontextmenü,Kontextmenü,0,0,0,0
107,64,0,0,ihnen,ihnen,ihnen,ihnen,0,0,0,0
107,67,1,0,gnädigerweise,gnädigerweise,gnädigerweise,gnädiger Weise,0,2,0,0
107,68,0,0,umstelle,umstelle,umstelle,umstelle,0,0,0,0
108,2,0,0,toll,toll,toll,toll,0,0,0,0
108,3,0,0,Brauchbare,Brauchbare,Brauchbare,Brauchbare,0,0,0,0
108,4,2,0,Kulturinfos,Kulturinfos,Kulturinfo-,Kulturinfos,1,0,1,0
108,10,0,0,nirgendwo,nirgendwo,nirgendwo,nirgendwo,0,0,0,0
108,21,0,0,beste,beste,beste,beste,0,0,0,0
108,22,0,0,Tageszeitung,Tageszeitung,Tageszeitung,Tageszeitung,0,0,0,0
108,24,0,0,Österreich,Österreich,Österreich,Österreich,0,0,0,0
108,28,0,0,Trendsetter,Trendsetter,Trendsetter,Trendsetter,0,0,0,0
108,29,0,0,gewesen,gewesen,gewesen,gewesen,0,0,0,0
108,31,0,0,lila,lila,lila,lila,0,0,0,0
108,35,0,0,anders,anders,anders,anders,0,0,0,0
108,36,0,0,Wäre,Wäre,Wäre,Wäre,0,0,0,0
108,40,0,0,erste,erste,erste,erste,0,0,0,0
108,45,0,0,schaffen,schaffen,schaffen,schaffen,0,0,0,0
108,49,0,0,Anspruch,Anspruch,Anspruch,Anspruch,0,0,0,0
108,53,0,0,unterstreichen,unterstreichen,unterstreichen,unterstreichen,0,0,0,0
108,55,0,0,Unkultur,Unkultur,Unkultur,Unkultur,0,0,0,0
108,56,0,0,könnt,könnt,könnt,könnt,0,0,0,0
108,59,0,0,getrost,getrost,getrost,getrost,0,0,0,0
108,62,0,0,Kronen-Zeitung,Kronen-Zeitung,Kronen-Zeitung,Kronen-Zeitung,0,0,0,0
108,68,0,0,richtige,richtige,richtige,richtige,0,0,0,0
108,69,0,0,Format,Format,Format,Format,0,0,0,0
108,72,0,0,Klo,Klo,Klo,Klo,0,0,0,0
108,73,0,0,gelesen,gelesen,gelesen,gelesen,0,0,0,0
109,0,0,0,Fremder,Fremder,Fremder,Fremder,0,0,0,0
109,1,0,0,machen,machen,machen,machen,0,0,0,0
110,3,0,0,Weihnachten,Weihnachten,Weihnachten,Weihnachten,0,0,0,0
110,5,0,0,vorbei,vorbei,vorbei,vorbei,0,0,0,0
110,8,0,0,wünsche,wünsche,wünsche,wünsche,0,0,0,0
110,11,1,1,WISSENSCHAFTS-Newsletter,Wissenschafts-Newsletter,Wissenschafts-Newsletter,WISSENSCHAFTS-Newsletter,0,12,0,12
110,14,0,0,sogar,sogar,sogar,sogar,0,0,0,0
110,16,3,0,Obulus,Obulus,Obolus,Obolus,1,1,1,0
110,17,0,0,Wert,Wert,Wert,Wert,0,0,0,0
110,23,0,0,groß,groß,groß,groß,0,0,0,0
111,1,3,1,hab,habe,hab,hab,1,1,1,1
111,6,0,0,getan,getan,getan,getan,0,0,0,0
111,8,4,0,Steno,Steno,Stent,Sten,1,1,1,0
111,10,0,0,geometrisch,geometrisch,geometrisch,geometrisch,0,0,0,0
111,14,0,0,meisten,meisten,meisten,meisten,0,0,0,0
111,17,0,0,Drama,Drama,Drama,Drama,0,0,0,0
111,20,0,0,damaliger,damaliger,damaliger,damaliger,0,0,0,0
111,21,0,0,Lehrherr,Lehrherr,Lehrherr,Lehrherr,0,0,0,0
111,22,0,0,meinte,meinte,meinte,meinte,0,0,0,0
111,24,0,0,du,du,du,du,0,0,0,0
111,25,0,0,schreibst,schreibst,schreibst,schreibst,0,0,0,0
111,28,3,1,Linken,linken,Linken,Linken,1,1,1,1
111,32,0,0,Faulheit,Faulheit,Faulheit,Faulheit,0,0,0,0
112,9,0,0,Lenken,Lenken,Lenken,Lenken,0,0,0,0
112,11,0,0,Schalten,Schalten,Schalten,Schalten,0,0,0,0
112,12,0,0,gleichzeitig,gleichzeitig,gleichzeitig,gleichzeitig,0,0,0,0
112,16,0,0,Führungshand,Führungshand,Führungshand,Führungshand,0,0,0,0
112,18,0,0,feinmotorische,feinmotorische,feinmotorische,feinmotorische,0,0,0,0
112,21,0,0,Lenkens,Lenkens,Lenkens,Lenkens,0,0,0,0
112,22,0,0,übernimmt,übernimmt,übernimmt,übernimmt,0,0,0,0
112,24,0,0,Gaspedal,Gaspedal,Gaspedal,Gaspedal,0,0,0,0
112,28,0,0,Anfang,Anfang,Anfang,Anfang,0,0,0,0
112,30,0,0,komisch,komisch,komisch,komisch,0,0,0,0
112,36,4,0,Linksfüßer,Linksfüßer,Linksfüßler,Linksfüße,1,1,1,0
113,1,0,0,gewundert,gewundert,gewundert,gewundert,0,0,0,0
113,3,0,0,fast,fast,fast,fast,0,0,0,0
113,6,0,0,Präsidenten,Präsidenten,Präsidenten,Präsidenten,0,0,0,0
113,12,0,0,einzige,einzige,einzige,einzige,0,0,0,0
113,13,0,0,Ausnahme,Ausnahme,Ausnahme,Ausnahme,0,0,0,0
113,16,0,0,einfällt,einfällt,einfällt,einfällt,0,0,0,0
113,18,0,0,George,George,George,George,0,0,0,0
113,19,0,0,W,W,W,W,0,0,0,0
113,20,0,0,Bush,Bush,Bush,Bush,0,0,0,0
113,21,0,0,Bill,Bill,Bill,Bill,0,0,0,0
113,22,0,0,Clinton,Clinton,Clinton,Clinton,0,0,0,0
113,24,3,0,senior,senior,Senior,Senior,1,1,1,0
113,25,2,0,Jimmy,Jimmy,Jim,Jimmy,2,0,2,0
113,26,2,0,Carter,Carter,Harter,Carter,1,0,1,0
113,28,0,0,Obama,Obama,Obama,Obama,0,0,0,0
114,2,0,1,rechtshaenderin,Rechtshänderin,Rechtshänderin,Rechtshänderin,0,0,0,3
114,3,0,0,u,u,u,u,0,0,0,0
114,4,0,0,mache,mache,mache,mache,0,0,0,0
114,11,0,0,einseitig,einseitig,einseitig,einseitig,0,0,0,0
115,4,0,0,stark,stark,stark,stark,0,0,0,0
115,7,0,1,tätigkeit,Tätigkeit,Tätigkeit,Tätigkeit,0,0,0,1
115,10,0,0,schaufeln,schaufeln,schaufeln,schaufeln,0,0,0,0
115,16,0,0,beides,beides,beides,beides,0,0,0,0
115,18,0,0,linke,linke,linke,linke,0,0,0,0
115,25,0,0,Führungsauge,Führungsauge,Führungsauge,Führungsauge,0,0,0,0
116,0,0,0,cool,cool,cool,cool,0,0,0,0
117,1,0,0,allerschlimmsten,allerschlimmsten,allerschlimmsten,allerschlimmsten,0,0,0,0
117,3,4,1,saucenschöpfer,Saucenschöpfer,herausschöpfen,Saucen Schöpfer,7,2,7,1
117,5,0,1,schnabel,Schnabel,Schnabel,Schnabel,0,0,0,1
117,16,3,1,teile,Teile,teile,teile,1,1,1,1
117,19,0,0,bedienen,bedienen,bedienen,bedienen,0,0,0,0
117,21,0,1,sauce,Sauce,Sauce,Sauce,0,0,0,1
117,22,0,0,rinnt,rinnt,rinnt,rinnt,0,0,0,0
117,23,0,0,überall,überall,überall,überall,0,0,0,0
117,29,0,1,teller,Teller,Teller,Teller,0,0,0,1
118,0,4,0,ontopic,ontopic,Octopin,Topic,3,3,3,0
118,1,0,0,Computermaus,Computermaus,Computermaus,Computermaus,0,0,0,0
118,2,0,0,Besteck,Besteck,Besteck,Besteck,0,0,0,0
118,3,0,0,normal,normal,normal,normal,0,0,0,0
118,4,0,0,Ballsport,Ballsport,Ballsport,Ballsport,0,0,0,0
118,6,0,0,Schreiben,Schreiben,Schreiben,Schreiben,0,0,0,0
119,5,0,0,Fuß,Fuß,Fuß,Fuß,0,0,0,0
119,12,4,0,regular,regular,regulär,Regular,1,1,1,0
120,4,0,0,Schere,Schere,Schere,Schere,0,0,0,0
120,9,0,0,eng,eng,eng,eng,0,0,0,0
120,10,0,0,verbunden,verbunden,verbunden,verbunden,0,0,0,0
120,12,0,0,->,->,->,->,0,0,0,0
120,15,0,0,Problematisch,Problematisch,Problematisch,Problematisch,0,0,0,0
120,18,0,0,Nagelschere,Nagelschere,Nagelschere,Nagelschere,0,0,0,0
120,20,0,1,reisst,reißt,reißt,reißt,0,0,0,2
120,24,0,0,schneidet,schneidet,schneidet,schneidet,0,0,0,0
120,34,2,0,auseinanderdrückt,auseinanderdrückt,auseinanderrückt,auseinanderdrückt,1,0,1,0
121,1,0,1,moechte,möchte,möchte,möchte,0,0,0,2
121,4,0,1,loeschen,löschen,löschen,löschen,0,0,0,2
121,5,0,0,Anscheinend,Anscheinend,Anscheinend,Anscheinend,0,0,0,0
121,8,0,0,dazu,dazu,dazu,dazu,0,0,0,0
121,10,0,0,Anleitung,Anleitung,Anleitung,Anleitung,0,0,0,0
122,0,0,0,Diesem,Diesem,Diesem,Diesem,0,0,0,0
122,1,0,0,Weihnachtswunsch,Weihnachtswunsch,Weihnachtswunsch,Weihnachtswunsch,0,0,0,0
122,4,0,0,Wissenschafts-Newsletter,Wissenschafts-Newsletter,Wissenschafts-Newsletter,Wissenschafts-Newsletter,0,0,0,0
122,5,0,0,schließe,schließe,schließe,schließe,0,0,0,0
122,10,0,0,Vorschlag,Vorschlag,Vorschlag,Vorschlag,0,0,0,0
122,11,0,0,wöchentlich,wöchentlich,wöchentlich,wöchentlich,0,0,0,0
122,14,0,0,Voraus,Voraus,Voraus,Voraus,0,0,0,0
123,3,0,0,wöchentlichen,wöchentlichen,wöchentlichen,wöchentlichen,0,0,0,0
123,4,0,1,kultir,Kultur,Kultur,Kultur,0,0,0,2
123,5,0,1,newsletter,Newsletter,Newsletter,Newsletter,0,0,0,1
124,4,4,1,newsletter-abo,Newsletter-Abo,Newsletter-abo,newsletter-abo,1,2,1,2
124,8,0,0,jemand,jemand,jemand,jemand,0,0,0,0
124,9,0,0,sagen,sagen,sagen,sagen,0,0,0,0
125,2,3,1,Neuen,neuen,Neuen,Neuen,1,1,1,1
125,3,0,0,Jahr,Jahr,Jahr,Jahr,0,0,0,0
125,5,0,0,wöchentliche,wöchentliche,wöchentliche,wöchentliche,0,0,0,0
125,7,0,0,eingestellt,eingestellt,eingestellt,eingestellt,0,0,0,0
125,10,0,0,jedenfalls,jedenfalls,jedenfalls,jedenfalls,0,0,0,0
125,14,0,0,erhalten,erhalten,erhalten,erhalten,0,0,0,0
126,3,4,0,at/,at/,AT,atz,3,1,3,0
126,4,1,0,id=1122713,id=1122713,id=1122713,die,0,9,0,0
126,5,0,0,aufrufen,aufrufen,aufrufen,aufrufen,0,0,0,0
126,14,0,1,bzw,bzw.,bzw.,bzw.,0,0,0,1
127,0,2,0,sorry,sorry,Story,sorry,3,0,3,0
127,2,0,0,natürlich,natürlich,natürlich,natürlich,0,0,0,0
127,4,0,0,Adresse,Adresse,Adresse,Adresse,0,0,0,0
127,8,4,0,at/Newsletter,at/Newsletter,Newsletter,atz,3,11,3,0
128,2,0,0,begeistert,begeistert,begeistert,begeistert,0,0,0,0
128,5,0,0,STANDARD,STANDARD,STANDARD,STANDARD,0,0,0,0
128,7,0,0,Newslettern,Newslettern,Newslettern,Newslettern,0,0,0,0
128,9,0,0,keiner,keiner,keiner,keiner,0,0,0,0
128,11,0,0,E-Zeitung,E-Zeitung,E-Zeitung,E-Zeitung,0,0,0,0
128,16,0,0,Vielfalt,Vielfalt,Vielfalt,Vielfalt,0,0,0,0
128,19,0,0,interessante,interessante,interessante,interessante,0,0,0,0
128,24,0,0,genaue,genaue,genaue,genaue,0,0,0,0
128,25,0,0,Berichterstattung,Berichterstattung,Berichterstattung,Berichterstattung,0,0,0,0
128,26,0,0,Macht,Macht,Macht,Macht,0,0,0,0
128,34,0,0,Johann,Johann,Johann,Johann,0,0,0,0
128,35,4,0,Radakovits,Radakovits,Radioaktiv,Radiolits,6,3,6,0
130,0,0,0,Nein,Nein,Nein,Nein,0,0,0,0
132,0,0,0,Ab,Ab,Ab,Ab,0,0,0,0
132,6,0,0,D-Mail,D-Mail,D-Mail,D-Mail,0,0,0,0
132,7,0,0,Kultur,Kultur,Kultur,Kultur,0,0,0,0
133,1,0,0,Kolumnen,Kolumnen,Kolumnen,Kolumnen,0,0,0,0
133,5,0,0,bekommen,bekommen,bekommen,bekommen,0,0,0,0
133,8,0,0,neuen,neuen,neuen,neuen,0,0,0,0
135,2,0,0,verwechseln,verwechseln,verwechseln,verwechseln,0,0,0,0
135,5,0,0,A-Loch,A-Loch,A-Loch,A-Loch,0,0,0,0
136,1,4,0,wärs,wärs,wärst,wär,1,1,1,0
136,4,4,1,_funktionierenden_,funktionierenden,nichtfunktionierend,_funktionierenden_,7,2,7,2
136,6,2,0,Feed,Feed,Fee,Feed,1,0,1,0
136,10,0,0,davon,davon,davon,davon,0,0,0,0
136,15,2,0,Headlines,Headlines,Deadlines,Headlines,1,0,1,0
136,16,0,0,via,via,via,via,0,0,0,0
136,22,0,1,dne,den,den,den,0,0,0,2
136,23,0,0,Rest,Rest,Rest,Rest,0,0,0,0
136,27,0,0,erst,erst,erst,erst,0,0,0,0
136,30,0,0,aufmachen,aufmachen,aufmachen,aufmachen,0,0,0,0
136,33,4,1,kanns,kann es,kann,kannst,3,3,3,2
136,36,0,1,vollkständigen,vollständigen,vollständigen,vollständigen,0,0,0,1
137,1,0,0,momentan,momentan,momentan,momentan,0,0,0,0
137,4,0,0,Abmelden,Abmelden,Abmelden,Abmelden,0,0,0,0
137,6,0,0,Adressen,Adressen,Adressen,Adressen,0,0,0,0
137,11,0,0,USA,USA,USA,USA,0,0,0,0
137,17,0,0,Servern,Servern,Servern,Servern,0,0,0,0
137,18,0,0,einfacher,einfacher,einfacher,einfacher,0,0,0,0
137,21,3,1,DER,Der,DER,DER,2,2,2,2
137,22,3,1,STANDARD,Standard,STANDARD,STANDARD,7,7,7,7
137,32,0,0,Weiter,Weiter,Weiter,Weiter,0,0,0,0
137,36,4,1,carpeDiem,carpe Diem,Picardie,carpeDiem,7,1,7,1
138,2,0,0,gehört,gehört,gehört,gehört,0,0,0,0
138,5,0,0,täglich,täglich,täglich,täglich,0,0,0,0
138,7,0,0,Zeitung,Zeitung,Zeitung,Zeitung,0,0,0,0
138,10,0,0,Nur,Nur,Nur,Nur,0,0,0,0
138,11,0,0,bedauere,bedauere,bedauere,bedauere,0,0,0,0
138,14,0,0,Kärntner,Kärntner,Kärntner,Kärntner,0,0,0,0
138,17,0,0,zuständige,zuständige,zuständige,zuständige,0,0,0,0
138,18,0,0,Redakteurin,Redakteurin,Redakteurin,Redakteurin,0,0,0,0
138,20,0,0,hohe,hohe,hohe,hohe,0,0,0,0
138,21,0,0,Niveau,Niveau,Niveau,Niveau,0,0,0,0
138,24,0,0,vermissen,vermissen,vermissen,vermissen,0,0,0,0
138,25,0,0,lässt,lässt,lässt,lässt,0,0,0,0
138,27,0,1,solltem,sollten,sollten,sollten,0,0,0,1
138,32,0,0,Chefetage,Chefetage,Chefetage,Chefetage,0,0,0,0
138,34,0,0,überlegen,überlegen,überlegen,überlegen,0,0,0,0
139,5,0,0,goldenen,goldenen,goldenen,goldenen,0,0,0,0
139,6,0,0,Uhr,Uhr,Uhr,Uhr,0,0,0,0
139,12,0,0,zerquetschen,zerquetschen,zerquetschen,zerquetschen,0,0,0,0
139,13,0,0,Euro,Euro,Euro,Euro,0,0,0,0
139,14,0,0,kosten,kosten,kosten,kosten,0,0,0,0
139,16,0,1,hermann,Hermann,Hermann,Hermann,0,0,0,1
140,0,0,0,ging,ging,ging,ging,0,0,0,0
140,2,0,0,flott,flott,flott,flott,0,0,0,0
141,0,0,0,Habe,Habe,Habe,Habe,0,0,0,0
141,6,0,0,angemeldet,angemeldet,angemeldet,angemeldet,0,0,0,0
141,9,0,0,eigentliche,eigentliche,eigentliche,eigentliche,0,0,0,0
141,10,0,0,Grund,Grund,Grund,Grund,0,0,0,0
141,14,2,1,wissenschafts,Wissenschaft,wissenschafts-,Wissenschaft,3,0,3,2
141,15,0,0,Informationen,Informationen,Informationen,Informationen,0,0,0,0
141,16,0,1,gewäsen,gewesen,gewesen,gewesen,0,0,0,1
141,17,0,0,nun,nun,nun,nun,0,0,0,0
141,18,0,0,frage,frage,frage,frage,0,0,0,0
142,0,3,1,krieg,kriege,krieg,krieg,1,1,1,1
142,2,0,0,trotz,trotz,trotz,trotz,0,0,0,0
142,3,0,0,entfernten,entfernten,entfernten,entfernten,0,0,0,0
142,4,3,0,Hakerln,Hakerln,Hakeln,Hakeln,1,1,1,0
143,6,0,0,Daten,Daten,Daten,Daten,0,0,0,0
143,7,0,0,eingegeben,eingegeben,eingegeben,eingegeben,0,0,0,0
143,9,0,0,ähnliches,ähnliches,ähnliches,ähnliches,0,0,0,0
143,10,0,0,Wünsche,Wünsche,Wünsche,Wünsche,0,0,0,0
143,12,0,0,faire,faire,faire,faire,0,0,0,0
143,13,0,0,Bewertungen,Bewertungen,Bewertungen,Bewertungen,0,0,0,0
143,14,0,0,akzeptierte,akzeptierte,akzeptierte,akzeptierte,0,0,0,0
143,15,0,0,Meinungsfreiheit,Meinungsfreiheit,Meinungsfreiheit,Meinungsfreiheit,0,0,0,0
144,0,2,0,Hm,Hm,Häm,Hm,1,0,1,0
144,4,0,0,Kommentar,Kommentar,Kommentar,Kommentar,0,0,0,0
145,3,0,0,lästig,lästig,lästig,lästig,0,0,0,0
145,6,0,0,Stornieren,Stornieren,Stornieren,Stornieren,0,0,0,0
145,14,0,0,kompliziert,kompliziert,kompliziert,kompliziert,0,0,0,0
145,16,0,0,Seit,Seit,Seit,Seit,0,0,0,0
145,18,0,0,versuche,versuche,versuche,versuche,0,0,0,0
145,25,4,1,Hakerl,Haken,Kakerlak,Hacer,5,2,5,2
145,28,0,0,Liste,Liste,Liste,Liste,0,0,0,0
145,29,0,0,entfernt,entfernt,entfernt,entfernt,0,0,0,0
145,31,0,0,trotzdem,trotzdem,trotzdem,trotzdem,0,0,0,0
145,32,0,0,erhalte,erhalte,erhalte,erhalte,0,0,0,0
145,38,0,0,verflixten,verflixten,verflixten,verflixten,0,0,0,0
145,41,0,0,fühlt,fühlt,fühlt,fühlt,0,0,0,0
145,45,0,0,irgendjemand,irgendjemand,irgendjemand,irgendjemand,0,0,0,0
145,46,0,0,verantwortlich,verantwortlich,verantwortlich,verantwortlich,0,0,0,0
145,48,0,0,stellt,stellt,stellt,stellt,0,0,0,0
145,50,0,0,Bezug,Bezug,Bezug,Bezug,0,0,0,0
145,53,0,0,endlich,endlich,endlich,endlich,0,0,0,0
145,55,4,0,mfg,mfg,mg,mag,1,1,1,0
146,4,0,0,nervend,nervend,nervend,nervend,0,0,0,0
146,5,0,0,Vor,Vor,Vor,Vor,0,0,0,0
146,10,4,1,news-letter,Newsletter,-newsletter,news-letter,2,2,2,2
146,14,0,0,hoffnungsvollen,hoffnungsvollen,hoffnungsvollen,hoffnungsvollen,0,0,0,0
146,15,0,0,Gewissheit,Gewissheit,Gewissheit,Gewissheit,0,0,0,0
146,17,2,0,vertrauenserweckend,vertrauenserweckend,vertrauenerweckend,vertrauenserweckend,1,0,1,0
146,18,0,0,angekündigt,angekündigt,angekündigt,angekündigt,0,0,0,0
146,20,0,0,jederzeit,jederzeit,jederzeit,jederzeit,0,0,0,0
146,22,0,0,stornieren,stornieren,stornieren,stornieren,0,0,0,0
146,27,0,0,führt,führt,führt,führt,0,0,0,0
146,30,0,0,dahin,dahin,dahin,dahin,0,0,0,0
146,36,0,0,diesbezügliche,diesbezügliche,diesbezügliche,diesbezügliche,0,0,0,0
146,37,0,0,Hilfe,Hilfe,Hilfe,Hilfe,0,0,0,0
146,39,0,0,Lesers,Lesers,Lesers,Lesers,0,0,0,0
146,41,4,1,eMail,E-Mail,Mail,Email,2,2,2,2
147,0,0,0,Können,Können,Können,Können,0,0,0,0
147,8,0,0,Zugangsdaten,Zugangsdaten,Zugangsdaten,Zugangsdaten,0,0,0,0
147,16,0,0,weiterhelfen,weiterhelfen,weiterhelfen,weiterhelfen,0,0,0,0
147,20,4,0,MfG,MfG,MG,Mag,1,2,1,0
148,3,0,0,Erscheinen,Erscheinen,Erscheinen,Erscheinen,0,0,0,0
148,5,2,1,e-Mail,E-Mail,e-Mail,E-Mail,1,0,1,1
148,7,0,0,Poster,Poster,Poster,Poster,0,0,0,0
148,8,0,0,zugestellt,zugestellt,zugestellt,zugestellt,0,0,0,0
148,18,0,0,Mail-Eingang,Mail-Eingang,Mail-Eingang,Mail-Eingang,0,0,0,0
148,20,4,0,hinposten,hinposten,Einposten,hin posten,1,1,1,0
148,21,0,0,Dadurch,Dadurch,Dadurch,Dadurch,0,0,0,0
148,28,0,0,Unser,Unser,Unser,Unser,0,0,0,0
148,30,0,0,Lesbarkeit,Lesbarkeit,Lesbarkeit,Lesbarkeit,0,0,0,0
148,31,0,0,wesentlich,wesentlich,wesentlich,wesentlich,0,0,0,0
148,32,0,0,beeinträchtigt,beeinträchtigt,beeinträchtigt,beeinträchtigt,0,0,0,0
148,36,0,0,Post,Post,Post,Post,0,0,0,0
148,38,0,0,wiedergegeben,wiedergegeben,wiedergegeben,wiedergegeben,0,0,0,0
148,45,0,0,gezwungen,gezwungen,gezwungen,gezwungen,0,0,0,0
148,48,0,0,richtig,richtig,richtig,richtig,0,0,0,0
148,50,0,0,stellen,stellen,stellen,stellen,0,0,0,0
148,51,0,0,Privatfehden,Privatfehden,Privatfehden,Privatfehden,0,0,0,0
148,54,0,0,sollten,sollten,sollten,sollten,0,0,0,0
148,57,0,0,zugelassen,zugelassen,zugelassen,zugelassen,0,0,0,0
148,61,0,0,nachvollziehbar,nachvollziehbar,nachvollziehbar,nachvollziehbar,0,0,0,0
149,4,0,0,Anregung,Anregung,Anregung,Anregung,0,0,0,0
149,8,0,0,weiterleiten,weiterleiten,weiterleiten,weiterleiten,0,0,0,0
150,2,0,0,besteht,besteht,besteht,besteht,0,0,0,0
151,0,0,0,Zurzeit,Zurzeit,Zurzeit,Zurzeit,0,0,0,0
151,5,0,0,unserer,unserer,unserer,unserer,0,0,0,0
151,6,0,0,Technik-Abteilung,Technik-Abteilung,Technik-Abteilung,Technik-Abteilung,0,0,0,0
151,9,0,0,technische,technische,technische,technische,0,0,0,0
151,10,0,0,Realisierbarkeit,Realisierbarkeit,Realisierbarkeit,Realisierbarkeit,0,0,0,0
152,7,0,0,Dauer,Dauer,Dauer,Dauer,0,0,0,0
152,8,0,0,meines,meines,meines,meines,0,0,0,0
152,9,0,0,Urlaubes,Urlaubes,Urlaubes,Urlaubes,0,0,0,0
152,15,0,0,Möglichkeiten,Möglichkeiten,Möglichkeiten,Möglichkeiten,0,0,0,0
152,16,1,1,an-,an,an,an-,0,1,0,1
152,19,0,0,Klären,Klären,Klären,Klären,0,0,0,0
153,0,0,0,Den,Den,Den,Den,0,0,0,0
153,7,0,0,Ihres,Ihres,Ihres,Ihres,0,0,0,0
153,19,0,0,Urlaub,Urlaub,Urlaub,Urlaub,0,0,0,0
153,26,0,0,Idee,Idee,Idee,Idee,0,0,0,0
155,4,0,0,Mails,Mails,Mails,Mails,0,0,0,0
155,6,0,0,kriegen,kriegen,kriegen,kriegen,0,0,0,0
155,7,0,0,Deaktivieren,Deaktivieren,Deaktivieren,Deaktivieren,0,0,0,0
155,11,4,0,sch,sch,ach,sich,1,1,1,0
155,12,2,0,ß,ß,aß,ß,1,0,1,0
155,15,4,1,kenn,kennt,kenne,kenn,1,1,1,1
155,18,0,1,schwein,Schwein,Schwein,Schwein,0,0,0,1
155,21,3,1,mann,man,Mann,Mann,2,2,2,1
155,27,3,1,nieee,nie,niese,niese,2,2,2,2
155,28,0,0,wiedersehen,wiedersehen,wiedersehen,wiedersehen,0,0,0,0
156,2,0,0,dasselbe,dasselbe,dasselbe,dasselbe,0,0,0,0
156,5,0,1,themen,Themen,Themen,Themen,0,0,0,1
156,6,0,0,geteilt,geteilt,geteilt,geteilt,0,0,0,0
156,9,4,1,twitter,Twitter,twitter,Witter,1,2,1,1
157,3,2,1,mitarbeiter,Mitarbeiter,mitarbeitet,Mitarbeiter,2,0,2,1
157,5,0,1,natuerlich,natürlich,natürlich,natürlich,0,0,0,2
157,6,0,0,objektiv,objektiv,objektiv,objektiv,0,0,0,0
158,0,0,0,Wo,Wo,Wo,Wo,0,0,0,0
158,1,4,1,bleibet,bleibt,bleibe,bleibet,1,1,1,1
158,5,2,0,Immo-Newsletter,Immo-Newsletter,Imme-Newsletter,Immo-Newsletter,1,0,1,0
158,9,2,0,Immo,Immo,Imme,Immo,1,0,1,0
158,14,0,0,jeden,jeden,jeden,jeden,0,0,0,0
158,15,0,0,bewegt,bewegt,bewegt,bewegt,0,0,0,0
158,18,0,0,wohnt,wohnt,wohnt,wohnt,0,0,0,0
158,22,0,0,lebt,lebt,lebt,lebt,0,0,0,0
158,27,0,0,Kurier,Kurier,Kurier,Kurier,0,0,0,0
158,29,0,0,Schaffung,Schaffung,Schaffung,Schaffung,0,0,0,0
158,30,0,0,seines,seines,seines,seines,0,0,0,0
158,34,3,1,Vor-web-Ära,Vor-Web-Ära,Vor-web-Ära,Vor-web-Ära,1,1,1,1
158,35,0,0,erfolgreichen,erfolgreichen,erfolgreichen,erfolgreichen,0,0,0,0
158,36,4,1,ImmoBuch´s,ImmoBuchs,Modembuchse,ImmoBuch´s,7,1,7,1
158,37,0,0,veranlasste,veranlasste,veranlasste,veranlasste,0,0,0,0
158,38,0,0,Immobilienthemen,Immobilienthemen,Immobilienthemen,Immobilienthemen,0,0,0,0
158,40,0,0,Lesestoff,Lesestoff,Lesestoff,Lesestoff,0,0,0,0
158,44,0,0,dankenswerterweise,dankenswerterweise,dankenswerterweise,dankenswerterweise,0,0,0,0
158,48,0,0,aufbereitet,aufbereitet,aufbereitet,aufbereitet,0,0,0,0
158,50,0,1,onlineStandard,online Standard,online Standard,online Standard,0,0,0,1
165,25,0,0,einst,einst,einst,einst,0,0,0,0
166,1,0,1,frequenz,Frequenz,Frequenz,Frequenz,0,0,0,1
166,3,4,1,a-mails,E-Mails,-mails,a-mails,2,2,2,2
166,5,0,0,drastisch,drastisch,drastisch,drastisch,0,0,0,0
166,7,0,0,erhöhen,erhöhen,erhöhen,erhöhen,0,0,0,0
166,9,0,0,jede,jede,jede,jede,0,0,0,0
166,10,0,1,nebensächlichkeit,Nebensächlichkeit,Nebensächlichkeit,Nebensächlichkeit,0,0,0,1
166,12,3,1,unesco,Unesco,UNESCO,UNESCO,5,5,5,1
166,13,0,0,streicht,streicht,streicht,streicht,0,0,0,0
166,15,4,1,wr,Wiener,er,wer,4,4,4,5
166,16,1,1,ball,Ball,Ball,ball,0,1,0,1
166,19,1,1,weltkulturerbe,Weltkulturerbe,Weltkulturerbe,weltkulturerbe,0,1,0,1
166,20,0,0,oh,oh,oh,oh,0,0,0,0
166,22,0,0,weltbewegend,weltbewegend,weltbewegend,weltbewegend,0,0,0,0
166,24,0,0,plötzlich,plötzlich,plötzlich,plötzlich,0,0,0,0
166,27,0,0,wichtigen,wichtigen,wichtigen,wichtigen,0,0,0,0
166,28,4,1,alert-nachricht,Alert-Nachricht,alert -nachricht,alert-nachricht,3,2,3,2
166,31,0,0,daraus,daraus,daraus,daraus,0,0,0,0
166,32,0,0,letztendlich,letztendlich,letztendlich,letztendlich,0,0,0,0
166,35,0,0,belangloses,belangloses,belangloses,belangloses,0,0,0,0
166,36,0,0,rauschen,rauschen,rauschen,rauschen,0,0,0,0
166,37,0,0,bisher,bisher,bisher,bisher,0,0,0,0
166,38,4,1,gab's,gab es,Gabys,gab's,3,2,3,2
166,39,4,1,max,maximal,Max,max.,5,4,5,4
166,41,0,0,pro,pro,pro,pro,0,0,0,0
166,42,0,1,monat,Monat,Monat,Monat,0,0,0,1
166,43,0,0,entsprechende,entsprechende,entsprechende,entsprechende,0,0,0,0
166,44,0,1,mails,Mails,Mails,Mails,0,0,0,1
166,49,3,1,wert,Wert,wert,wert,1,1,1,1
166,51,0,0,bevorzugt,bevorzugt,bevorzugt,bevorzugt,0,0,0,0
166,56,0,1,anfang,Anfang,Anfang,Anfang,0,0,0,1
166,58,0,1,jahres,Jahres,Jahres,Jahres,0,0,0,1
166,62,0,1,mail,Mail,Mail,Mail,0,0,0,1
166,65,2,0,2x,2x,ex,2x,1,0,1,0
166,70,0,0,nächste,nächste,nächste,nächste,0,0,0,0
166,71,2,1,rick,Rick,Trick,Rick,2,0,2,1
166,72,4,1,perry,Perry,Jerry,Petry,1,1,1,1
166,81,2,0,nix,nix,Unix,nix,1,0,1,0
166,83,0,0,erhöhte,erhöhte,erhöhte,erhöhte,0,0,0,0
166,84,0,1,aufmerksamkeit,Aufmerksamkeit,Aufmerksamkeit,Aufmerksamkeit,0,0,0,1
166,85,0,0,erfordern,erfordern,erfordern,erfordern,0,0,0,0
166,87,0,0,ergo,ergo,ergo,ergo,0,0,0,0
166,88,0,0,blendet,blendet,blendet,blendet,0,0,0,0
166,91,0,0,irgendwann,irgendwann,irgendwann,irgendwann,0,0,0,0
166,94,0,0,meldet,meldet,meldet,meldet,0,0,0,0
166,98,0,0,ab,ab,ab,ab,0,0,0,0
167,1,1,0,Postings,Postings,Postings,Hostings,0,1,0,0
167,6,2,0,freigeschalten,freigeschalten,freigeschaltet,freigeschalten,1,0,1,0
167,8,0,0,zumeist,zumeist,zumeist,zumeist,0,0,0,0
167,9,0,0,zurückgehalten,zurückgehalten,zurückgehalten,zurückgehalten,0,0,0,0
167,11,1,1,pfeif,pfeife,pfeife,pfeif,0,1,0,1
167,13,0,0,eure,eure,eure,eure,0,0,0,0
167,14,0,0,MEINUNG,MEINUNG,MEINUNG,MEINUNG,0,0,0,0
167,15,0,0,ZUR,ZUR,ZUR,ZUR,0,0,0,0
167,16,2,0,MEINUGSFREIHEIT,MEINUGSFREIHEIT,MEINUNGSFREIHEIT,MEINUGSFREIHEIT,1,0,1,0
168,2,4,1,newsletterservice,Newsletterservice,Newsletter,Newsletter Service,7,2,7,1
168,11,0,0,weiterempfohlen,weiterempfohlen,weiterempfohlen,weiterempfohlen,0,0,0,0
168,13,1,1,printausgabe,Printausgabe,Printausgabe,printausgabe,0,1,0,1
168,15,0,0,jedoch,jedoch,jedoch,jedoch,0,0,0,0
168,16,0,0,keineswegs,keineswegs,keineswegs,keineswegs,0,0,0,0
168,18,0,0,kurz,kurz,kurz,kurz,0,0,0,0
168,20,0,1,standard,Standard,Standard,Standard,0,0,0,1
168,25,0,0,bevorzugte,bevorzugte,bevorzugte,bevorzugte,0,0,0,0
168,26,0,1,tageszeitung,Tageszeitung,Tageszeitung,Tageszeitung,0,0,0,1
168,28,0,1,österreich,Österreich,Österreich,Österreich,0,0,0,1
169,2,0,1,laestig,lästig,lästig,lästig,0,0,0,2
169,3,3,1,Hab,Habe,Hab,Hab,1,1,1,1
169,7,0,0,abgemeldet,abgemeldet,abgemeldet,abgemeldet,0,0,0,0
170,0,0,0,Versuche,Versuche,Versuche,Versuche,0,0,0,0
170,3,0,0,Telefonnummer,Telefonnummer,Telefonnummer,Telefonnummer,0,0,0,0
170,7,0,0,Schweiz,Schweiz,Schweiz,Schweiz,0,0,0,0
170,9,0,0,0041218071012,0041218071012,0041218071012,0041218071012,0,0,0,0
170,11,0,0,+41418071012,+41418071012,+41418071012,+41418071012,0,0,0,0
170,15,0,0,Annahme,Annahme,Annahme,Annahme,0,0,0,0
170,19,0,0,Ländervorwahl,Ländervorwahl,Ländervorwahl,Ländervorwahl,0,0,0,0
170,20,0,0,aufgrund,aufgrund,aufgrund,aufgrund,0,0,0,0
170,22,0,0,Standortes,Standortes,Standortes,Standortes,0,0,0,0
170,23,0,0,automatisch,automatisch,automatisch,automatisch,0,0,0,0
170,24,3,1,dazufügen,dazu fügen,da zufügen,da zufügen,2,2,2,1
170,26,0,0,0218071012,0218071012,0218071012,0218071012,0,0,0,0
170,38,0,0,wünschenswert,wünschenswert,wünschenswert,wünschenswert,0,0,0,0
170,41,0,0,Vereinfachung,Vereinfachung,Vereinfachung,Vereinfachung,0,0,0,0
170,42,0,0,solcher,solcher,solcher,solcher,0,0,0,0
170,43,0,0,Prozedere,Prozedere,Prozedere,Prozedere,0,0,0,0
171,1,0,0,Telefonnummer-Feld,Telefonnummer-Feld,Telefonnummer-Feld,Telefonnummer-Feld,0,0,0,0
171,6,0,0,Nummer,Nummer,Nummer,Nummer,0,0,0,0
171,10,0,0,nämlich,nämlich,nämlich,nämlich,0,0,0,0
171,11,2,0,Vorwahl/Rufnummer,Vorwahl/Rufnummer,Vorwahl-Rufnummer,Vorwahl/Rufnummer,1,0,1,0
171,12,0,0,d,d,d,d,0,0,0,0
171,16,0,0,Schrägstrich,Schrägstrich,Schrägstrich,Schrägstrich,0,0,0,0
172,1,0,1,jahre,Jahre,Jahre,Jahre,0,0,0,1
173,9,0,0,alten,alten,alten,alten,0,0,0,0
173,10,0,0,Infrastruktur,Infrastruktur,Infrastruktur,Infrastruktur,0,0,0,0
173,16,0,0,Abhilfe,Abhilfe,Abhilfe,Abhilfe,0,0,0,0
173,20,3,0,Notification,Notification,Notifikation,Notifikation,1,1,1,0
173,21,0,0,Center,Center,Center,Center,0,0,0,0
173,25,1,0,at/1358305692982/Community-Ausblick,at/1358305692982/Community-Ausblick,at/1358305692982/Community-Ausblick,atz,0,33,0,0
173,26,4,0,_artikelIndex=6,_artikelIndex=6,partikelgebunden,Artikel Index,8,5,8,0
174,0,0,0,Wahrscheinlich,Wahrscheinlich,Wahrscheinlich,Wahrscheinlich,0,0,0,0
174,8,0,1,g'scheit,gescheit,gescheit,gescheit,0,0,0,1
175,0,0,0,konnte,konnte,konnte,konnte,0,0,0,0
175,5,1,0,Posting,Posting,Posting,Hosting,0,1,0,0
175,6,0,0,absetzen,absetzen,absetzen,absetzen,0,0,0,0
175,7,0,0,Weiß,Weiß,Weiß,Weiß,0,0,0,0
175,12,0,0,Form,Form,Form,Form,0,0,0,0
175,16,0,0,gelegen,gelegen,gelegen,gelegen,0,0,0,0
175,18,0,0,War,War,War,War,0,0,0,0
175,20,0,0,flegelhaft,flegelhaft,flegelhaft,flegelhaft,0,0,0,0
175,23,0,0,verletzend,verletzend,verletzend,verletzend,0,0,0,0
175,28,0,0,Werden,Werden,Werden,Werden,0,0,0,0
175,29,0,0,gewisse,gewisse,gewisse,gewisse,0,0,0,0
175,30,0,0,IP-Adressen,IP-Adressen,IP-Adressen,IP-Adressen,0,0,0,0
175,31,0,0,gefiltert,gefiltert,gefiltert,gefiltert,0,0,0,0
175,34,0,0,bekomme,bekomme,bekomme,bekomme,0,0,0,0
176,8,0,0,Wissenschaft,Wissenschaft,Wissenschaft,Wissenschaft,0,0,0,0
176,10,0,0,Forschung,Forschung,Forschung,Forschung,0,0,0,0
177,14,0,0,diesem,diesem,diesem,diesem,0,0,0,0
177,15,0,0,Themenbereich,Themenbereich,Themenbereich,Themenbereich,0,0,0,0
177,17,0,0,täglichen,täglichen,täglichen,täglichen,0,0,0,0
177,19,2,0,Newsroom,Newsroom,Newastrom,Newsroom,3,0,3,0
177,23,0,0,W-Mail,W-Mail,W-Mail,W-Mail,0,0,0,0
177,24,0,0,Alternativ,Alternativ,Alternativ,Alternativ,0,0,0,0
177,25,0,0,könnten,könnten,könnten,könnten,0,0,0,0
177,31,4,0,Feedreader,Feedreader,Feldreader,Feed Reader,1,2,1,0
177,33,0,0,Vertrauens,Vertrauens,Vertrauens,Vertrauens,0,0,0,0
177,35,2,0,RSS-Feed,RSS-Feed,Saas-Fee,RSS-Feed,5,0,5,0
177,37,0,0,Wissenschaftsressorts,Wissenschaftsressorts,Wissenschaftsressorts,Wissenschaftsressorts,0,0,0,0
177,38,0,0,nützen,nützen,nützen,nützen,0,0,0,0
178,3,2,1,hinweis,Hinweis,hinwies,Hinweis,3,0,3,1
178,8,3,1,hinwenden,hin wenden,hinwenden,hinwenden,1,1,1,1
178,13,0,1,abonnent,Abonnent,Abonnent,Abonnent,0,0,0,1
178,17,0,1,zeitung,Zeitung,Zeitung,Zeitung,0,0,0,1
178,22,0,0,bewusst,bewusst,bewusst,bewusst,0,0,0,0
178,24,0,0,arrangiert,arrangiert,arrangiert,arrangiert,0,0,0,0
179,0,0,0,Hier,Hier,Hier,Hier,0,0,0,0
179,3,0,0,unsere,unsere,unsere,unsere,0,0,0,0
179,4,0,0,wichtigsten,wichtigsten,wichtigsten,wichtigsten,0,0,0,0
179,8,1,0,at/2000010725045/Kontakt-zum-STANDARD,at/2000010725045/Kontakt-zum-STANDARD,at/2000010725045/Kontakt-zum-STANDARD,atz,0,34,0,0
180,0,0,0,Sehr,Sehr,Sehr,Sehr,0,0,0,0
180,1,0,0,geehrte,geehrte,geehrte,geehrte,0,0,0,0
180,5,0,0,Bekomme,Bekomme,Bekomme,Bekomme,0,0,0,0
180,7,0,0,einigen,einigen,einigen,einigen,0,0,0,0
180,8,0,0,Tagen,Tagen,Tagen,Tagen,0,0,0,0
180,9,0,0,unaufgefordert,unaufgefordert,unaufgefordert,unaufgefordert,0,0,0,0
180,13,0,0,Mail-Adresse,Mail-Adresse,Mail-Adresse,Mail-Adresse,0,0,0,0
180,16,4,1,postings,Postings,Postillion,Hostings,5,1,5,1
180,20,0,0,verlangt,verlangt,verlangt,verlangt,0,0,0,0
180,24,0,0,bestellt,bestellt,bestellt,bestellt,0,0,0,0
180,27,0,0,streichen,streichen,streichen,streichen,0,0,0,0
180,35,0,0,nachgeschaut,nachgeschaut,nachgeschaut,nachgeschaut,0,0,0,0
180,38,2,0,Userkonto,Userkonto,Uferkonto,Userkonto,1,0,1,0
180,41,0,0,Abo,Abo,Abo,Abo,0,0,0,0
180,42,0,0,Bestellungen,Bestellungen,Bestellungen,Bestellungen,0,0,0,0
180,44,0,0,News,News,News,News,0,0,0,0
180,45,4,0,letters,letters,Letters,Letter,1,2,1,0
180,46,0,0,feststellen,feststellen,feststellen,feststellen,0,0,0,0
180,49,1,1,irrtüml,irrtümlich,irrtümlich,Irrtum,0,6,0,3
180,50,0,0,getätigt,getätigt,getätigt,getätigt,0,0,0,0
180,57,0,0,abstellen,abstellen,abstellen,abstellen,0,0,0,0
180,59,2,0,poste,poste,proste,poste,1,0,1,0
180,61,0,0,laufend,laufend,laufend,laufend,0,0,0,0
180,71,0,0,antworten,antworten,antworten,antworten,0,0,0,0
180,76,0,0,schönen,schönen,schönen,schönen,0,0,0,0
180,77,0,0,Tag,Tag,Tag,Tag,0,0,0,0
180,78,2,0,La,La,Lea,La,1,0,1,0
180,79,4,0,paloma,paloma,Palomar,Palm,2,3,2,0
181,2,2,0,la,la,al,la,2,0,2,0
181,8,0,0,verfassen,verfassen,verfassen,verfassen,0,0,0,0
181,12,0,0,zugeschickt,zugeschickt,zugeschickt,zugeschickt,0,0,0,0
181,15,0,0,klicken,klicken,klicken,klicken,0,0,0,0
181,20,2,0,Postingfenster,Postingfenster,Postsingfenster,Postingfenster,1,0,1,0
181,34,0,0,Reaktionen,Reaktionen,Reaktionen,Reaktionen,0,0,0,0
181,42,0,0,Häkchen,Häkchen,Häkchen,Häkchen,0,0,0,0
181,43,0,0,weg,weg,weg,weg,0,0,0,0
182,0,0,0,@,@,@,@,0,0,0,0
182,8,0,0,ehrlich,ehrlich,ehrlich,ehrlich,0,0,0,0
182,12,0,0,beachtet,beachtet,beachtet,beachtet,0,0,0,0
182,15,0,0,letzten,letzten,letzten,letzten,0,0,0,0
182,19,0,0,ungewollte,ungewollte,ungewollte,ungewollte,0,0,0,0
182,26,0,0,ungebührliche,ungebührliche,ungebührliche,ungebührliche,0,0,0,0
182,29,0,0,Dennoch,Dennoch,Dennoch,Dennoch,0,0,0,0
182,33,0,0,gutes,gutes,gutes,gutes,0,0,0,0
182,34,0,0,Wochenende,Wochenende,Wochenende,Wochenende,0,0,0,0
183,5,0,0,Namen,Namen,Namen,Namen,0,0,0,0
183,10,0,1,stalking,Stalking,Stalking,Stalking,0,0,0,1
183,12,2,0,Blogteilnehmer,Blogteilnehmer,Romzugteilnehmer,Blogteilnehmer,5,0,5,0
184,5,0,0,Stammdaten,Stammdaten,Stammdaten,Stammdaten,0,0,0,0
184,11,0,0,künftig,künftig,künftig,künftig,0,0,0,0
184,20,0,0,Melden,Melden,Melden,Melden,0,0,0,0
184,25,0,0,Belästigungen,Belästigungen,Belästigungen,Belästigungen,0,0,0,0
184,28,1,0,UserInnen,UserInnen,UserInnen,User Innen,0,1,0,0
184,29,0,0,hinweisen,hinweisen,hinweisen,hinweisen,0,0,0,0
185,1,0,0,fand,fand,fand,fand,0,0,0,0
185,3,0,0,sowieso,sowieso,sowieso,sowieso,0,0,0,0
185,4,0,0,arg,arg,arg,arg,0,0,0,0
185,12,0,0,Belieben,Belieben,Belieben,Belieben,0,0,0,0
185,20,4,0,Trollereien,Trollereien,Kontrollieren,Tollereien,7,1,7,0
187,2,3,1,DEaktiviert,deaktiviert,Deaktiviert,Deaktiviert,1,1,1,2
187,6,0,1,poster,Poster,Poster,Poster,0,0,0,1
187,7,0,0,endgültig,endgültig,endgültig,endgültig,0,0,0,0
187,8,0,0,nirgends,nirgends,nirgends,nirgends,0,0,0,0
187,18,0,0,verlässt,verlässt,verlässt,verlässt,0,0,0,0
187,21,0,0,machbar,machbar,machbar,machbar,0,0,0,0
188,0,4,1,habs,hab es,hab,Habes,3,2,3,2
189,1,0,0,Zusammenfassung,Zusammenfassung,Zusammenfassung,Zusammenfassung,0,0,0,0
189,2,0,0,aller,aller,aller,aller,0,0,0,0
189,6,0,0,fein,fein,fein,fein,0,0,0,0
190,2,4,1,sie`s,sie es,Siels,sie`s,3,2,3,2
192,2,0,0,Welt,Welt,Welt,Welt,0,0,0,0
192,7,0,0,endliche,endliche,endliche,endliche,0,0,0,0
192,8,0,0,Zahl,Zahl,Zahl,Zahl,0,0,0,0
192,10,0,0,Mailadressen,Mailadressen,Mailadressen,Mailadressen,0,0,0,0
192,21,0,0,erstellen,erstellen,erstellen,erstellen,0,0,0,0
193,5,2,0,veröffentlich,veröffentlich,veröffentliche,veröffentlich,1,0,1,0
193,8,0,0,Generell,Generell,Generell,Generell,0,0,0,0
193,11,0,0,bestimmten,bestimmten,bestimmten,bestimmten,0,0,0,0
193,13,0,0,erfährt,erfährt,erfährt,erfährt,0,0,0,0
193,15,0,0,außer,außer,außer,außer,0,0,0,0
193,17,2,0,Trial,Trial,Trias,Trial,1,0,1,0
193,18,2,0,and,and,ans,and,1,0,1,0
193,19,2,0,Error,Error,Erfror,Error,1,0,1,0
193,25,0,0,Blacklist,Blacklist,Blacklist,Blacklist,0,0,0,0
194,3,0,1,möglichkeit,Möglichkeit,Möglichkeit,Möglichkeit,0,0,0,1
194,4,0,0,offiziell,offiziell,offiziell,offiziell,0,0,0,0
194,11,2,0,name,name,Name,name,1,0,1,0
194,15,0,0,optisch,optisch,optisch,optisch,0,0,0,0
194,16,0,0,abgehoben,abgehoben,abgehoben,abgehoben,0,0,0,0
194,18,1,1,logo,Logo,Logo,logo,0,1,0,1
194,19,4,1,ev,evtl.,es,er,4,4,4,3
194,21,0,0,erwarte,erwarte,erwarte,erwarte,0,0,0,0
194,25,1,1,kundenzulauf,Kundenzulauf,Kundenzulauf,Kunden Zulauf,0,2,0,1
194,28,0,1,gegenzug,Gegenzug,Gegenzug,Gegenzug,0,0,0,1
194,29,1,0,befülle,befülle,befülle,befalle,0,1,0,0
194,32,1,1,forum,Forum,Forum,forum,0,1,0,1
194,35,0,1,sachwissen,Sachwissen,Sachwissen,Sachwissen,0,0,0,1
195,0,0,0,Derzeit,Derzeit,Derzeit,Derzeit,0,0,0,0
195,4,0,0,hatten,hatten,hatten,hatten,0,0,0,0
195,7,0,0,solches,solches,solches,solches,0,0,0,0
195,8,0,0,Produkt,Produkt,Produkt,Produkt,0,0,0,0
195,9,2,0,Poweruser,Poweruser,Powerup,Poweruser,3,0,3,0
195,13,0,0,id=2929103&_artikelIndex=11,id=2929103&_artikelIndex=11,id=2929103&_artikelIndex=11,id=2929103&_artikelIndex=11,0,0,0,0
195,25,2,0,sales@derstandard,sales@derstandard,Kalibrierstandard,sales@derstandard,5,0,5,0
195,32,0,0,Lösung,Lösung,Lösung,Lösung,0,0,0,0
196,0,2,0,naja,naja,Maja,naja,1,0,1,0
197,2,2,0,'angemeldet,'angemeldet,angemeldet,'angemeldet,1,0,1,0
197,3,2,0,bleiben',bleiben',bleiben,bleiben',1,0,1,0
197,5,0,0,ständig,ständig,ständig,ständig,0,0,0,0
197,7,0,0,Anmeldungen,Anmeldungen,Anmeldungen,Anmeldungen,0,0,0,0
197,11,0,0,umständliche,umständliche,umständliche,umständliche,0,0,0,0
197,12,0,0,Umleitungen,Umleitungen,Umleitungen,Umleitungen,0,0,0,0
197,14,0,0,Startseite,Startseite,Startseite,Startseite,0,0,0,0
198,1,0,0,könnte,könnte,könnte,könnte,0,0,0,0
198,9,0,0,Cookie-Einstellungen,Cookie-Einstellungen,Cookie-Einstellungen,Cookie-Einstellungen,0,0,0,0
198,21,1,0,at/1369361794454/Ein-Login-fuer-derdiedaStandardat,at/1369361794454/Ein-Login-fuer-derdiedaStandardat,at/1369361794454/Ein-Login-fuer-derdiedaStandardat,atz,0,48,0,0
199,3,0,1,profil,Profil,Profil,Profil,0,0,0,1
199,10,0,0,verraten,verraten,verraten,verraten,0,0,0,0
199,23,0,0,vielleicht,vielleicht,vielleicht,vielleicht,0,0,0,0
199,33,0,1,wald,Wald,Wald,Wald,0,0,0,1
199,35,0,0,lauter,lauter,lauter,lauter,0,0,0,0
199,36,1,1,bäumen,Bäumen,Bäumen,bäumen,0,1,0,1
199,38,0,0,DANKE,DANKE,DANKE,DANKE,0,0,0,0
200,9,0,0,Abos,Abos,Abos,Abos,0,0,0,0
200,10,4,1,veränder,verändere,veränder,verändert,1,1,1,1
200,13,4,1,speicher,speichere,speicher,Speicher,1,2,1,1
200,16,0,0,Fenster,Fenster,Fenster,Fenster,0,0,0,0
200,19,0,0,zeigt,zeigt,zeigt,zeigt,0,0,0,0
200,23,0,0,ändert,ändert,ändert,ändert,0,0,0,0
